cluster,source,url,title,employer,location,raw_excerpt
0,adzuna,https://www.adzuna.fr/land/ad/5539221017?se=BmQpuSHg8BGjSLpoVcT1CA&utm_medium=api&utm_source=63eec5d7&v=ABC6B652352D1E078728272EA6E2C5866E2B647B,Consultante/Consultant SAP PM Transformation Lead,Capgemini,"Strasbourg, Strasbourg-Ville","Choisir Capgemini, c'est choisir une entreprise où vous serez en mesure de façonner votre carrière selon vos aspirations. Avec le soutien et l'inspiration d'une communauté d’experts dans le monde entier , vous pourrez réécrire votre futur . Rejoignez nous pour redéfinir les limites de ce qui est possible, contribuer à libérer la valeur de la technologie pour les plus grandes organisations et participer à la construction d’un monde plus durable et"
0,adzuna,https://www.adzuna.fr/land/ad/5546472081?se=PM-mnB_g8BGYoOuiY5-tmQ&utm_medium=api&utm_source=63eec5d7&v=E57FAE06AD5F3F607788892C01034D91003466CC,Machine Learning Engineer confirm - IBM Client Innovation Center - H/F,IBM,"Colombes, Nanterre",Introduction Une carrière chez IBM Consulting s'appuie sur des relations à long terme et une collaboration étroite avec des clients du monde entier. Vous travaillerez avec des visionnaires dans de multiples secteurs pour améliorer le parcours du cloud hybride et de l'IA pour les entreprises les plus innovantes et les plus précieuses au monde. Votre capacité à accélérer l'impact et à apporter des changements significatifs pour vos clients est rend
0,adzuna,https://www.adzuna.fr/details/5272703027?utm_medium=api&utm_source=63eec5d7,Avocat Expérimenté en Fiscalité des Sociétés - Montpellier H/F,EY,"Hérault, Occitanie","Chez EY, nous sommes «All in» pour façonner votre avenir en toute confiance. Ensemble, nous orienterons votre carrière selon vos aspirations. Rejoignez EY et contribuez à construire un monde meilleur. Vous souhaitez intégrer un cabinet d'avocats international leader sur le marché dont les valeurs sont l'excellence, l'engagement et l'innovation ? Rejoignez nos équipes ! Notre opportunité : Dans le cadre de notre développement, nous recherchons act"
0,adzuna,https://www.adzuna.fr/land/ad/5512106581?se=iuQzPSDg8BGYoOuiY5-tmQ&utm_medium=api&utm_source=63eec5d7&v=E89CFE7E9C332A4538158644228C2B2A71801571,CDI - Data Architect H/F,Chanel,"Paris, Ile-de-France","Poste en CDI, basé à Paris, à pourvoir dès que possible. La division Mode La Mode est l'activité originelle de la Marque. Deux collections de Haute Couture, six collections saisonnières de Prêt-à-Porter et d'accessoires et deux collections capsules d'inspiration sportswear et lifestyle - Coco Beach et Coco Neige - proposent un style captant l'air du temps et s'inscrivent dans le quotidien des femmes. Une silhouette en mouvement et des accessoires"
0,adzuna,https://www.adzuna.fr/details/5465917815?utm_medium=api&utm_source=63eec5d7,Stage 2026 - Stage en analyse de données (ALL GENDER),Airbus,France,"Job Description: Envie de déployer vos ailes ? Et si votre aventure commençait avec nous ? Nous vous proposons de travailler dans une entreprise leader mondial dans son domaine, tournée vers le digital, à la pointe de la recherche et de l’innovation. Une offre de stage intitulée Stage en analyse de données (ALL GENDER) vient de s'ouvrir au sein de la qualité Widebody sur son site d'Airbus Opération Colomiers. Vous rejoindrez une équipe de 16 pers"
0,adzuna,https://www.adzuna.fr/land/ad/5537585482?se=BmQpuSHg8BGjSLpoVcT1CA&utm_medium=api&utm_source=63eec5d7&v=882A8899240820C0980752DE3FFAF4433B841CE1,Consultante / Consultant Transformation Lead SAP ePPDS,Capgemini,"Lyon, Rhône","Choisir Capgemini, c'est choisir une entreprise où vous serez en mesure de façonner votre carrière selon vos aspirations. Avec le soutien et l'inspiration d’une communauté d’experts dans le monde entier, où vous pourrez réécrire votre futur. Rejoignez-nous pour redéfinir les limites de ce qui est possible, contribuer à libérer la valeur de la technologie pour les plus grandes organisations et participer à la construction d’un monde plus durable e"
1,hellowork,https://www.hellowork.com/fr-fr/emplois/73975014.html,Data Engineer Confirmé Etl H/F Onepoint,Onepoint,F Onepoint ESN Nantes - 44,Offre Emploi CDI Data Engineer Confirmé Etl Nantes (44) - Recrutement par Onepoint | Hellowork Aller au contenu principal Complétez votre profil pour recevoir des offres adaptées. Mon espace Mes CV vus Mes candidatures Mes alertes Mon profil Paramètres Déconnexion Missions d'intérim Offres de stage Offres en alternance Créer mon alerte Déposer mon CV Salaire brut net Téléchargez l'app et postulez dans les premiers ! Diffuser ma première offre Déj
1,hellowork,https://www.hellowork.com/fr-fr/emplois/60432976.html,Data Engineer H/F LCL,LCL,F LCL Villejuif - 94,Offre Emploi CDI Data Engineer Villejuif (94) - Recrutement par LCL | Hellowork Aller au contenu principal Complétez votre profil pour recevoir des offres adaptées. Mon espace Mes CV vus Mes candidatures Mes alertes Mon profil Paramètres Déconnexion Missions d'intérim Offres de stage Offres en alternance Créer mon alerte Déposer mon CV Salaire brut net Téléchargez l'app et postulez dans les premiers ! Diffuser ma première offre Déjà client Téléch
1,hellowork,https://www.hellowork.com/fr-fr/emplois/73185242.html,Data Engineer Confirmé Azure - Microsoft Fabric H/F Onepoint,Onepoint,F Onepoint ESN Strasbourg - 67,Offre Emploi CDI Data Engineer Confirmé Azure Microsoft Fabric Strasbourg (67) - Recrutement par Onepoint | Hellowork Aller au contenu principal Complétez votre profil pour recevoir des offres adaptées. Mon espace Mes CV vus Mes candidatures Mes alertes Mon profil Paramètres Déconnexion Missions d'intérim Offres de stage Offres en alternance Créer mon alerte Déposer mon CV Salaire brut net Téléchargez l'app et postulez dans les premiers ! Diffuse
1,hellowork,https://www.hellowork.com/fr-fr/emplois/73669862.html,Data Engineer - Keyrus France H/F Keyrus france,Keyrus france,F Keyrus france Bordeaux - 33,Offre Emploi CDI Data Engineer Keyrus France Bordeaux (33) - Recrutement par Keyrus france | Hellowork Aller au contenu principal Complétez votre profil pour recevoir des offres adaptées. Mon espace Mes CV vus Mes candidatures Mes alertes Mon profil Paramètres Déconnexion Missions d'intérim Offres de stage Offres en alternance Créer mon alerte Déposer mon CV Salaire brut net Téléchargez l'app et postulez dans les premiers ! Diffuser ma première o
1,hellowork,https://www.hellowork.com/fr-fr/emplois/72800236.html,Data Analyst - Qualité H/F Safran,Safran,F Safran Colombes - 92,Offre Emploi CDI Data Analyst Qualité Colombes (92) - Recrutement par Safran | Hellowork Aller au contenu principal Complétez votre profil pour recevoir des offres adaptées. Mon espace Mes CV vus Mes candidatures Mes alertes Mon profil Paramètres Déconnexion Missions d'intérim Offres de stage Offres en alternance Créer mon alerte Déposer mon CV Salaire brut net Téléchargez l'app et postulez dans les premiers ! Diffuser ma première offre Déjà clie
1,hellowork,https://www.hellowork.com/fr-fr/emplois/73773320.html,Data Engineer - IT Compliance Financial Security H/F Crédit Agricole CIB,Crédit Agricole CIB,F Crédit Agricole CIB Montrouge - 92,Offre Emploi CDI Data Engineer IT Compliance Financial Security Montrouge (92) - Recrutement par Crédit Agricole CIB | Hellowork Aller au contenu principal Complétez votre profil pour recevoir des offres adaptées. Mon espace Mes CV vus Mes candidatures Mes alertes Mon profil Paramètres Déconnexion Missions d'intérim Offres de stage Offres en alternance Créer mon alerte Déposer mon CV Salaire brut net Téléchargez l'app et postulez dans les premier
2,adzuna,https://www.adzuna.fr/land/ad/5532138855?se=GhGxgCDg8BGYoOuiY5-tmQ&utm_medium=api&utm_source=63eec5d7&v=792391D3C4CC6A979689F9025BF7D5622E23B01B,Supply Chain Manager Independant H/F,Prod-Active,"Allauch, Marseille","Vous êtes un expert en stratégie supply chain et souhaitez dynamiser votre carrière ? En choisissant GROUPEACTIVE, vous optez pour un projet entrepreneurial encadré par des pairs expérimentés et soutenu par un collectif d'experts passionnés, tous bénéficiaires de notre modèle unique. Rejoignez GROUPEACTIVE et son réseau PROD-ACTIVE, dédié à aider les dirigeants de TPE/PME à surmonter leurs défis quotidiens. Chez GROUPEACTIVE, nous croyons fermeme"
2,adzuna,https://www.adzuna.fr/land/ad/5550844893?se=2kqTciDg8BGjSLpoVcT1CA&utm_medium=api&utm_source=63eec5d7&v=8E24F3A2BEBBA16B7BACF17BB097BC26D936AB88,Directeur systèmes d'information indépendant H/F,DSIACTIVE,"Auch, Gers","Vous êtes un expert en stratégie des systèmes d'information et souhaitez dynamiser votre carrière ? En choisissant GROUPEACTIVE, vous optez pour un projet entrepreneurial encadré par des pairs expérimentés et soutenu par un collectif d'experts passionnés, tous bénéficiaires de notre modèle unique. Rejoignez GROUPEACTIVE et son réseau DSIACTIVE, dédié à aider les dirigeants de TPE/PME à surmonter leurs défis quotidiens. Chez GROUPEACTIVE, nous cro"
2,adzuna,https://www.adzuna.fr/land/ad/5532130389?se=aKEAhSDg8BGYoOuiY5-tmQ&utm_medium=api&utm_source=63eec5d7&v=51DDCEE8C69A75221B19C32E81B97D140AA8AB6C,Directeur des Ressources Humaines Indépendant H/F,DRH-ACTIVE,"Fontaine, Grenoble","Vous êtes un expert en stratégie des ressources humaines et souhaitez dynamiser votre carrière ? En choisissant GROUPEACTIVE, vous optez pour un projet entrepreneurial encadré par des pairs expérimentés et soutenu par un collectif d'experts passionnés, tous bénéficiaires de notre modèle unique. Rejoignez GROUPEACTIVE et son réseau DRH-ACTIVE, dédié à aider les dirigeants de TPE/PME à surmonter leurs défis quotidiens. Chez GROUPEACTIVE, nous croyo"
2,adzuna,https://www.adzuna.fr/land/ad/5540562669?se=IJO4hyDg8BGYoOuiY5-tmQ&utm_medium=api&utm_source=63eec5d7&v=A89239679CFA075A2B23C4CBE9AC0B40E59B8284,Directeur des systèmes d'information indépendant h/f (Franchises),DSIACTIVE,"Allauch, Marseille","Relever les défis du digital avec le réseau DSIACTIVE, c'est adapter et transformer l'entreprise au nouveau monde déjà en marche. Vous êtes un expert en stratégie des systèmes d'information et souhaitez dynamiser votre carrière ? En choisissant GROUPEACTIVE, vous optez pour un projet entrepreneurial encadré par des pairs expérimentés et soutenu par un collectif d'experts passionnés, tous bénéficiaires de notre modèle unique. Rejoignez GROUPEACTIV"
2,adzuna,https://www.adzuna.fr/land/ad/5550845179?se=9KH-bSDg8BGjSLpoVcT1CA&utm_medium=api&utm_source=63eec5d7&v=F7BFBD555B120A22FC2FDBC8BA58E12E821ADF84,Directeur administratif financier indépendant H/F,DAF-ACTIVE,"Charleville-Mézières, Ardennes","Vous êtes un expert en stratégie financière et souhaitez dynamiser votre carrière ? En choisissant GROUPEACTIVE, vous optez pour un projet entrepreneurial encadré par des pairs expérimentés et soutenu par un collectif d'experts passionnés, tous bénéficiaires de notre modèle unique. Rejoignez GROUPEACTIVE et son réseau DAF-ACTIVE, dédié à aider les dirigeants de TPE/PME à surmonter leurs défis quotidiens. Chez GROUPEACTIVE, nous croyons fermement "
2,adzuna,https://www.adzuna.fr/land/ad/5550844996?se=ohgQdCDg8BGYoOuiY5-tmQ&utm_medium=api&utm_source=63eec5d7&v=294B681845757C556D9D19641A67C30CA3038F48,Directeur commercial indépendant H/F,PROSPACTIVE,"Metz, Metz-Ville","Vous êtes un expert en stratégie financière et souhaitez dynamiser votre carrière ? En choisissant GROUPEACTIVE, vous optez pour un projet entrepreneurial encadré par des pairs expérimentés et soutenu par un collectif d'experts passionnés, tous bénéficiaires de notre modèle unique. Rejoignez GROUPEACTIVE et son réseau DAF-ACTIVE, dédié à aider les dirigeants de TPE/PME à surmonter leurs défis quotidiens. Chez GROUPEACTIVE, nous croyons fermement "
3,adzuna,https://www.adzuna.fr/details/5491771854?utm_medium=api&utm_source=63eec5d7,Lead Data Engineer,THALES,France,"Lieu : Bordeaux, France Construisons ensemble un avenir de confiance Thales est un leader mondial des hautes technologies spécialisé dans trois secteurs d’activité : Défense & Sécurité, Aéronautique & Spatial, et Cyber & Digital. Il développe des produits et solutions qui contribuent à un monde plus sûr, plus respectueux de l’environnement et plus inclusif. Le Groupe investit près de 4 milliards d’euros par an en Recherche & Développement, notamm"
3,adzuna,https://www.adzuna.fr/land/ad/5550859335?se=jqkhuCDg8BGA6Y9wrffGwg&utm_medium=api&utm_source=63eec5d7&v=242E7899D936A54C780AD81CCDCD49F04BCA85CE,Ordonnanceur F/H,THALES,"Limours, Palaiseau","Lieu : Limours, France Construisons ensemble un avenir de confiance Thales est un leader mondial des hautes technologies spécialisé dans trois secteurs d'activité : Défense & Sécurité, Aéronautique & Spatial, et Cyber & Digital. Il développe des produits et solutions qui contribuent à un monde plus sûr, plus respectueux de l'environnement et plus inclusif. Le Groupe investit près de 4 milliards d'euros par an en Recherche & Développement, notamme"
3,adzuna,https://www.adzuna.fr/details/5534404029?utm_medium=api&utm_source=63eec5d7,Corrections d’erreurs par réseaux de neurones F/H,CARREVOLUTIS,"Palaiseau, Essonne","Description de l'entreprise Construisons ensemble un avenir de confiance Thales est un leader mondial des hautes technologies spécialisé dans trois secteurs d’activité : Défense & Sécurité, Aéronautique & Spatial, et Cybersécurité & Identité numérique. Il développe des produits et solutions qui contribuent à un monde plus sûr, plus respectueux de l’environnement et plus inclusif. Le Groupe investit près de 4 milliards d’euros par an en Recherche "
3,adzuna,https://www.adzuna.fr/details/5462322932?utm_medium=api&utm_source=63eec5d7,Data Analyste Confirmé H/F,THALES,"Labège;, Castanet-Tolosan","Lieu : Toulouse, France Construisons ensemble un avenir de confiance Thales est un leader mondial des hautes technologies spécialisé dans trois secteurs d’activité : Défense & Sécurité, Aéronautique & Spatial, et Cyber & Digital. Il développe des produits et solutions qui contribuent à un monde plus sûr, plus respectueux de l’environnement et plus inclusif. Le Groupe investit près de 4 milliards d’euros par an en Recherche & Développement, notamm"
3,adzuna,https://www.adzuna.fr/details/5536621084?utm_medium=api&utm_source=63eec5d7,STAGE - Ingénieur Réseaux IP / SD-WAN et IA appliquée - F/H,THALES,"Gennevilliers, Nanterre","Lieu : Gennevilliers, France Construisons ensemble un avenir de confiance Thales est un leader mondial des hautes technologies spécialisé dans trois secteurs d’activité : Défense & Sécurité, Aéronautique & Spatial, et Cyber & Digital. Il développe des produits et solutions qui contribuent à un monde plus sûr, plus respectueux de l’environnement et plus inclusif. Le Groupe investit près de 4 milliards d’euros par an en Recherche & Développement, n"
3,adzuna,https://www.adzuna.fr/land/ad/5550843268?se=2vqwsyDg8BGA6Y9wrffGwg&utm_medium=api&utm_source=63eec5d7&v=509EC738FD025900AEF2A850B4F987B4680A4EE0,Stage - Intégration et Essais produits F/H,THALES,"Vendôme, Loir-et-Cher","Lieu : Vendome, France Construisons ensemble un avenir de confiance Thales est un leader mondial des hautes technologies spécialisé dans trois secteurs d'activité : Défense & Sécurité, Aéronautique & Spatial, et Cyber & Digital. Il développe des produits et solutions qui contribuent à un monde plus sûr, plus respectueux de l'environnement et plus inclusif. Le Groupe investit près de 4 milliards d'euros par an en Recherche & Développement, notamme"
4,adzuna,https://www.adzuna.fr/land/ad/5484770274?se=ROQEZyDg8BGjSLpoVcT1CA&utm_medium=api&utm_source=63eec5d7&v=8092D2672276967233209022A89942CBFAAE84B2,Expert Dataviz - Keyrus France H/F,Keyrus,"Levallois-Perret, Nanterre","Qui sommes-nous ? Une success story dans la Data et le Digital ! Notre mission ? Des projets à forte valeur ajoutée pour accroître la performance et la compétitivité des entreprises, faciliter et accélérer leur transformation. Notre expertise depuis plus de 25 ans ? Le conseil et l'intégration de solutions innovantes autour de trois domaines : - Data Intelligence Business Intelligence, Big Data & Analytics, Intelligence Artificielle - Digital Exp"
4,adzuna,https://www.adzuna.fr/land/ad/5484782295?se=hAuKVyDg8BGA6Y9wrffGwg&utm_medium=api&utm_source=63eec5d7&v=31E08FBC60E3EFEA72CC7BE58294ABE39B16914D,Candidature Spontanée - Keyrus France H/F,Keyrus,"Levallois-Perret, Nanterre","Qui sommes-nous ? Une success story dans la Data et le Digital ! Notre mission ? Des projets à forte valeur ajoutée pour accroître la performance et la compétitivité des entreprises, faciliter et accélérer leur transformation. Notre expertise depuis plus de 20 ans ? Le conseil et l'intégration de solutions innovantes autour de trois domaines : - Data Intelligence Business Intelligence, Big Data & Analytics, Intelligence Artificielle - Digital Exp"
4,adzuna,https://www.adzuna.fr/land/ad/5382338289?se=wLlbsB_g8BGYoOuiY5-tmQ&utm_medium=api&utm_source=63eec5d7&v=CC846D90C84ADECDF9B9DD43C56159F6328EE83A,Consultant(e) Workday Finance H/F,ALTHEA,"Issy-les-Moulineaux, Boulogne-Billancourt","QUI SOMMES NOUS ? Althéa est un cabinet de conseil en Management qui regroupe plus de 250 consultants internes disposant d’une triple expertise : Méthodologie conseil, Solutions SI & Métiers. Nous avons réalisé en 2023 plus de 30 Millions d’euros de CA. Nous accompagnons nos clients sur leurs projets de transformation autour des domaines RH, Finance, Achats et Supply Chain/opération, de la construction de la trajectoire de transformation jusqu'au"
4,adzuna,https://www.adzuna.fr/land/ad/5482482877?se=lOD-ASHg8BGYoOuiY5-tmQ&utm_medium=api&utm_source=63eec5d7&v=22D0A166A21F0D7194C4F107B3FFBB179526A675,Consultant SIRH Paie / Consultante SIRH Paie,ALTHEA,"Issy-les-Moulineaux, Boulogne-Billancourt","QUI SOMMES-NOUS ? Althéa est un cabinet de conseil en Management qui regroupe plus de 250 consultants internes disposant d’une triple expertise : Méthodologie conseil, Solutions SI & Métiers. Nous avons réalisé en 2024 plus de 30 Millions d’euros de CA. Nous accompagnons nos clients sur leurs projets de transformation autour des domaines RH, Finance, Achats et Supply Chain/opération, de la construction de la trajectoire de transformation jusqu'au"
4,adzuna,https://www.adzuna.fr/details/5396044600?utm_medium=api&utm_source=63eec5d7,Data Engineer Python (H/F/NB) - Paris,Keyrus,"Levallois-Perret, Nanterre","Qui sommes-nous ? Une success story dans la Data et le Digital ! Notre mission ? Des projets à forte valeur ajoutée pour accroître la performance et la compétitivité des entreprises, faciliter et accélérer leur transformation. Notre expertise depuis plus de 20 ans ? Le conseil et l'intégration de solutions innovantes autour de trois domaines : Data Intelligence Business Intelligence, Big Data & Analytics, Intelligence Artificielle Digital Experie"
4,adzuna,https://www.adzuna.fr/land/ad/5484770286?se=YAbMox_g8BGjSLpoVcT1CA&utm_medium=api&utm_source=63eec5d7&v=8AAD5A12D1BEB6893DC102F9AA3217678C222296,Data Engineer Databricks - Keyrus France H/F,Keyrus,"Levallois-Perret, Nanterre","Qui sommes-nous ? Une success story dans la Data et le Digital ! Notre mission ? Des projets à forte valeur ajoutée pour accroître la performance et la compétitivité des entreprises, faciliter et accélérer leur transformation. Notre expertise depuis plus de 25 ans ? Le conseil et l'intégration de solutions innovantes autour de trois domaines : - Data Intelligence Business Intelligence, Big Data & Analytics, Intelligence Artificielle - Digital Exp"
5,adzuna,https://www.adzuna.fr/details/5197777956?utm_medium=api&utm_source=63eec5d7,MEDECIN COORDONNATEUR (H/F) - EHPAD (10),Annonces Medicales - Capijob,France,"Société : Rc Human RecruitmentProfession recherchée : Médecin généraliste coordonnateur (H/F)Localisation : Proche Caux-et-SauzensType de contrat : CDI temps partiel (0,6ETP), à négocierRémunération : à négocierNous recrutons un médecin coordonnateur (H/F) pour un établissement de standing situé près de Caux-et-Sauzens, qui accueille des personnes âgées autonomes, semi-valides et dépendantes, en courts et longs séjours.Présentation du posteRattac"
5,adzuna,https://www.adzuna.fr/details/5458996007?utm_medium=api&utm_source=63eec5d7,MEDECIN PEDIATRE CLINIQUE PSYCHIATRIQUE (H/F) - LIBERAL - PROCHE HOUILLES (78),Annonces Medicales - Capijob,"Houilles, Saint-Germain-en-Laye","Société : Rc Human RecruitmentProfession recherchée : Pédiatre (H/F)Localisation : Proche Houilles (78)Type de contrat : LibéralRémunération : à négocierEtablissement Notre Client, Clinique Psychiatrique, recherche un Médecin Pédiatre (H/F) pour la prise en charge des patients.Présentation du poste Le Pédiatre assure la prise en charge des patients dans le cadre de la spécificité de l'établissement. Il est offert aux professionnels d'intégrer une"
5,adzuna,https://www.adzuna.fr/details/5197777564?utm_medium=api&utm_source=63eec5d7,MEDECIN GERIATRE - CDI TEMPS PLEIN (75),Annonces Medicales - Capijob,"Paris, Ile-de-France",Société : Rc Human RecruitmentProfession recherchée : Médecin Gériatre (H/F)Localisation : Paris (75)Type de contrat : Salarié à temps pleinRémunération : à négocierLa Clinique SSR dispose d'une capacité d'accueil de 95 lits répartis comme suit 30 lits de Soins de Suite et de Réadaptation Polyvalents34 lits de Soins de Suite et de Réadaptation Spécialisés en Hémato-cancérologie36 lits de Soins de Suite et de Réadaptation à orientation Gériatrique
5,adzuna,https://www.adzuna.fr/details/5458995828?utm_medium=api&utm_source=63eec5d7,MEDECIN GENERALISTE (H/F) - CLINIQUE PSYCHIATRIQUE (13),Annonces Medicales - Capijob,France,"Société : Rc Human RecruitmentProfession recherchée : Médecin Généraliste (H/F)Localisation : Proche La Valentine, MarseilleType de contrat : Libéral temps partiel (0.2 ETP)Rémunération : à négocierNotre client, clinique psychiatrique ayant une capacité de 150 lits, recrute un médecin généraliste (H/F) pour compléter son équipe médicale.Présentation du poste Rattaché(e) directement à la direction médicale, le Médecin généraliste participe activem"
5,adzuna,https://www.adzuna.fr/details/5197778857?utm_medium=api&utm_source=63eec5d7,MEDECIN GERIATRE (H/F) - CLINIQUE SSR (34),Annonces Medicales - Capijob,"Lunel, Montpellier","Société : Rc Human RecruitmentProfession recherchée : Médecin gériatre (H/F)Localisation : Proche MontpellierType de contrat : CDI temps plein (1ETP) à négocierRémunération : à négocierEtablissement Nous recrutons pour une Clinique de Soins de Suite et Rééducation, propice à une prise en charge adaptée et de qualité, un Médecin Gériatre (H/F).Missions principales (non exhaustives) garantir la qualité et la sécurité de la prise en charge des patie"
5,adzuna,https://www.adzuna.fr/details/5197778630?utm_medium=api&utm_source=63eec5d7,MEDECIN GENERALISTE (H/F) - CLINIQUE SSR (74),Annonces Medicales - Capijob,"Annecy, Haute-Savoie","Société : Rc Human RecruitmentProfession recherchée : Médecin généraliste (H/F)Localisation : Proche AnnecyType de contrat : CDI temps partiel (0.8 à 1ETP) à négocierRémunération : à négocierEtablissement Nous recrutons pour une Clinique de Soins de Suite et Rééducation, propice à une prise en charge adaptée et de qualité, un Médecin Généraliste (H/F) proche de Annecy.Missions principales (non exhaustives) garantir la qualité et la sécurité de la"
6,adzuna,https://www.adzuna.fr/details/5300194010?utm_medium=api&utm_source=63eec5d7,STAGE Développement d'un algorithme de transfert de style d'un imageur H/F,CEA,"Grenoble, Isère","Informations générales Entité de rattachement Le CEA est un acteur majeur de la recherche, au service des citoyens, de l'économie et de l'Etat. Il apporte des solutions concrètes à leurs besoins dans quatre domaines principaux : transition énergétique, transition numérique, technologies pour la médecine du futur, défense et sécurité sur un socle de recherche fondamentale. Le CEA s'engage depuis plus de 75 ans au service de la souveraineté scienti"
6,adzuna,https://www.adzuna.fr/land/ad/5453098085?se=YJQAwSHg8BGjSLpoVcT1CA&utm_medium=api&utm_source=63eec5d7&v=5FB5A6316DDD8224868900F93054A8166795B9C2,STAGE - Transformation Digitale & Model-based Definition,Safran,"Pau, Pyrénées-Atlantiques","STAGE - Transformation Digitale & Model-based Definition Détail de l'offre Informations générales Entité de rattachement Safran est un groupe international de haute technologie opérant dans les domaines de l'aéronautique (propulsion, équipements et intérieurs), de l'espace et de la défense. Sa mission : contribuer durablement à un monde plus sûr, où le transport aérien devient toujours plus respectueux de l'environnement, plus confortable et plus"
6,adzuna,https://www.adzuna.fr/details/5532928836?utm_medium=api&utm_source=63eec5d7,Stage : Stage développeur full-stack cloud AWS - Digital Factory F/H,Safran,"Rue, Abbeville","Stage développeur full-stack cloud AWS - Digital Factory F/H Détail de l'offre Informations générales Entité de rattachement Safran est un groupe international de haute technologie opérant dans les domaines de l'aéronautique (propulsion, équipements et intérieurs), de l'espace et de la défense. Sa mission : contribuer durablement à un monde plus sûr, où le transport aérien devient toujours plus respectueux de l'environnement, plus confortable et "
6,adzuna,https://www.adzuna.fr/details/5300219329?utm_medium=api&utm_source=63eec5d7,Ingénieur-Chercheur en méthodes formelles et IA pour la cybersécurité logicielle bas niveau H/F,CEA,France,"Informations générales Entité de rattachement Le CEA est un acteur majeur de la recherche, au service des citoyens, de l'économie et de l'Etat. Il apporte des solutions concrètes à leurs besoins dans quatre domaines principaux : transition énergétique, transition numérique, technologies pour la médecine du futur, défense et sécurité sur un socle de recherche fondamentale. Le CEA s'engage depuis plus de 75 ans au service de la souveraineté scienti"
6,adzuna,https://www.adzuna.fr/details/5538931201?utm_medium=api&utm_source=63eec5d7,Stage : STAGE - Restauration de séquences d'images infrarouges par IA F/H,Safran,France,"STAGE - Restauration de séquences d'images infrarouges par IA F/H Détail de l'offre Informations générales Entité de rattachement Safran est un groupe international de haute technologie opérant dans les domaines de l'aéronautique (propulsion, équipements et intérieurs), de l'espace et de la défense. Sa mission : contribuer durablement à un monde plus sûr, où le transport aérien devient toujours plus respectueux de l'environnement, plus confortabl"
6,adzuna,https://www.adzuna.fr/land/ad/5482674166?se=OqHJrh_g8BGA6Y9wrffGwg&utm_medium=api&utm_source=63eec5d7&v=CD91312811167F1BB9C1DAFFFD35F9511E33D1A4,STAGE -Modlisation avance et design inverse par IA des donnes arodynamiques 3D d'aubages turbine F/H,Safran,"Moissy-Cramayel, Seine-et-Marne","STAGE -Modélisation avancée et design inverse par IA des données aérodynamiques 3D d'aubages turbine F/H Détail de l'offre Informations générales Entité de rattachement Safran est un groupe international de haute technologie opérant dans les domaines de l'aéronautique (propulsion, équipements et intérieurs), de l'espace et de la défense. Sa mission : contribuer durablement à un monde plus sûr, où le transport aérien devient toujours plus respectu"
7,adzuna,https://www.adzuna.fr/details/5461318634?utm_medium=api&utm_source=63eec5d7,MÉDECIN GÉNÉRALISTE (F/H),Bureau Appel Médical Search Ouest,"Mortain, Avranches","Vous aimez tisser des liens? Vous aimez œuvrer pour le bien-être des gens ? Nous avons du travail pour vous ! Appel Médical, chaque jour, à vos côtés dans les métiers de la santé. Avec notre expertise en vacation et médecins, trouvez votre prochain challenge dans le secteur médical. Prêt·e à transformer des vies en tant que médecin généraliste (F/H) dans notre hôpital? Rejoignez notre équipe dans un centre de santé dynamique au sein d'un hôpital."
7,adzuna,https://www.adzuna.fr/details/5297524061?utm_medium=api&utm_source=63eec5d7,IBODE (F/H) (Basé à Toulouse),Agence Appel Médical Grand Sud Bloc,"Haute-Garonne, Occitanie","Rejoignez les 30 000 collaborateurs de l'Appel Médical et bénéficiez de nombreuses missions et emplois les plus adaptés à vos envies et compétences tout en profitant des nombreux services et avantages exclusifs. Les fonctions ou intitulés se déclinent au féminin comme au masculin. Vous intégrez le bloc opératoire pluridisciplinaire. En tant qu'IDE mesures transitoires, vous assurerez des missions d'aide opératoire, d'instrumentiste et circulante."
7,adzuna,https://www.adzuna.fr/details/5535759764?utm_medium=api&utm_source=63eec5d7,INFIRMIER DE (F/H),Agence Appel Médical Valence,"Romans-sur-Isère, Valence",Notre vocation chez Appel Médical ? Etre à vos côtés pour vous accompagner dans la concrétisation de votre projet professionnel et le développement de votre carrière dans la santé. Une équipe experte dans le domaine de la santé attend de vous rencontrer. Comment aimeriez-vous transformer le quotidien des résidents en tant qu'Infirmier(ère) dans notre établissement pour personnes âgées ? Rejoignez notre équipe pour prodiguer des soins de qualité a
7,adzuna,https://www.adzuna.fr/details/5423463387?utm_medium=api&utm_source=63eec5d7,INFIRMIER ANESTHÉSISTE DE (F/H),Agence Appel Médical Grand Sud Bloc,"Saint-Affrique, Millau","Vous aimez tisser des liens? Vous aimez œuvrer pour le bien-être des gens ? Nous avons du travail pour vous ! Appel Médical, chaque jour, à vos côtés dans les métiers de la santé. Ainsi, notre agence excelle dans le domaine du bloc opératoire, garantissant une expertise solide pour répondre aux besoins spécifiques de nos candidats et clients. Que diriez-vous de transformer votre carrière en Infirmier anesthésiste (F/H) dans notre hôpital? Rejoign"
7,adzuna,https://www.adzuna.fr/details/5548174045?utm_medium=api&utm_source=63eec5d7,INFIRMIER DE BLOC OPÉRATOIRE DE (F/H) (Basé à Épernay),Ag Glisy Bloc Nord Normandie,"Epernay 2e Canton, Epernay","Envie de choisir vos missions, d'organiser votre planning comme vous l'entendez ? Les experts d'Appel Médical sont à votre écoute pour comprendre vos enjeux, dessiner le contour de vos besoins et vous accompagner au quotidien. Vous conseiller et prendre soin de votre carrière ? C'est nous ! Notre agence excelle dans le domaine du bloc, offrant ainsi une expertise de qualité pour répondre aux besoins spécifiques de nos clients et de nos candidats."
7,adzuna,https://www.adzuna.fr/details/5549507049?utm_medium=api&utm_source=63eec5d7,AIDE SOIGNANT (F/H),Agence Appel Médical Mulhouse,"Wittenheim, Mulhouse",Rejoignez les 30 000 collaborateurs de l'Appel Médical et bénéficiez de nombreuses missions et emplois les plus adaptés à vos envies et compétences tout en profitant des nombreux services et avantages exclusifs. Les fonctions ou intitulés se déclinent au féminin comme au masculin. Prêt(e) à transformer la vie des résidents comme Aide-soignant(e) au sein d'un établissement spécialisé? Votre mission principale est de prendre soin des résidants en v
8,adzuna,https://www.adzuna.fr/details/5548747236?utm_medium=api&utm_source=63eec5d7,IFIP/ATT - ESI80 - Analyste MOE H/F,Ministere De L'Economie Et Des Finances,"Amiens, Somme","Informations générales Référence 2025-27608 Date de début de publication 18/12/2025 Date limite d'envoi des candidatures 18/01/2026 Documents requis pour postuler CV et lettre de motivation obligatoires. Pour les agentes/agents fonctionnaires en fonction à la DGFiP et délié·e·s de tout délai de séjour, l'avis de la directrice/du directeur et les trois derniers comptes-rendus d'évaluation professionnelle (CREP) sont obligatoires. Pour les autres f"
8,adzuna,https://www.adzuna.fr/details/5548656327?utm_medium=api&utm_source=63eec5d7,Statisticien(ne) – Chargé(e) d'opérations statistiques (H/F),Ministere Interieur,"Toulouse, Haute-Garonne","Informations générales Référence BA031PNC-113711 Date limite de candidature 31/12/2026 Intitulé long de l'offre Statisticien(ne) – Chargé(e) d'opérations statistiques Versant Fonction publique d'Etat Catégorie Catégorie C (employé) Nature de l'emploi Emploi ouvert aux fonctionnaires et/ou contractuels Domaine et métier Organisation, Contrôle et Evaluation - Statisticienne / Statisticien - Chargée / Chargé d'opérations statistiques Type de poste A"
8,adzuna,https://www.adzuna.fr/details/5541286520?utm_medium=api&utm_source=63eec5d7,Postdoc en IA appliqué à l'écologie et données télédétection (H/F),Choisir le Service Public,"Grenoble, Isère",Informations générales Organisme de rattachement CNRS Référence UMR5553-WILTHU0-019 Date de début de diffusion 11/12/2025 Date de parution 21/12/2025 Date de fin de diffusion 01/01/2026 Versant Fonction Publique de l'Etat Catégorie Catégorie A (cadre) Nature de l'emploi Emploi ouvert uniquement aux contractuels Domaine / Métier Recherche - Chercheuse / Chercheur Statut du poste Vacant Intitulé du poste Postdoc en IA appliqué à l'écologie et donné
8,adzuna,https://www.adzuna.fr/details/5551243073?utm_medium=api&utm_source=63eec5d7,Postdoc à IRIF en informatique quantique (H/F),Choisir le Service Public,"Paris, Ile-de-France",Informations générales Organisme de rattachement CNRS Référence UMR8243-TIFKON-004 Date de début de diffusion 19/12/2025 Date de parution 20/12/2025 Date de fin de diffusion 09/01/2026 Versant Fonction Publique de l'Etat Catégorie Catégorie A (cadre) Nature de l'emploi Emploi ouvert uniquement aux contractuels Domaine / Métier Recherche - Chercheuse / Chercheur Statut du poste Vacant Intitulé du poste Postdoc à IRIF en informatique quantique (H/F
8,adzuna,https://www.adzuna.fr/details/5551232854?utm_medium=api&utm_source=63eec5d7,IFIP/ATT - D78 - ESI de Nanterre (92) - Développeuse/Développeur Java MOE SATELIT H/F,Choisir le Service Public,France,Informations générales Organisme de rattachement DISI Île de France Référence MEF_2025-27666 Date de début de diffusion 19/12/2025 Date de parution 20/12/2025 Date de fin de diffusion 19/01/2026 Date limite de candidature 19/01/2026 Employeur Direction des services informatiques d'Île-de-France Établissement des services informatiques de Nanterre 167-177 avenue Frédéric et Irène Joliot Curie 92013 Nanterre Cedex Versant Fonction Publique de l'Eta
8,adzuna,https://www.adzuna.fr/details/5551228125?utm_medium=api&utm_source=63eec5d7,Agent polyvalent au service du matériel – bâtiments et infrastructures à la CRS 19 LA ROCHELLE H/F,Ministere Interieur,"La Rochelle, Charente-Maritime",Informations générales Référence BS017PNC-113119 Date limite de candidature 31/12/2026 Intitulé long de l'offre Agent polyvalent au service du matériel – bâtiments et infrastructures à la CRS 19 LA ROCHELLE Versant Fonction publique d'Etat Catégorie Catégorie C (employé) Nature de l'emploi Emploi ouvert aux fonctionnaires et/ou contractuels Domaine et métier Bâtiment - Chargée / Chargé de maintenance générale des bâtiments Type de poste Technique
9,adzuna,https://www.adzuna.fr/details/5537386271?utm_medium=api&utm_source=63eec5d7,Stage - Ingénieur Nlp - IA Générative H/F,Dassault Systèmes,"Vélizy-Villacoublay, Versailles","Au sein de l'équipe NLP de l'entité Netvibes, vous participerez à un projet stratégique visant à spécialiser des modèles d'IA générative (LLM) pour la génération automatique de requêtes. Votre mission consistera à explorer, adapter et optimiser des modèles de type Large Language Models afin d'améliorer la pertinence, la précision et la qualité des requêtes générées pour nos cas d'usage internes. Vos missions Mettre en oeuvre des techniques de fin"
9,adzuna,https://www.adzuna.fr/details/5470478605?utm_medium=api&utm_source=63eec5d7,Lead Data Engineer Databricks (Grenoble) F/H,PROBAYES,"Grenoble, Isère","Probayes a pour vocation de proposer à ses clients les solutions d’Intelligence Artificielle et de Machine Learning les plus performantes possibles. Nous accompagnons un client disposant d’une plateforme Databricks déployée sur Microsoft Azure, dédiée au développement et à l’industrialisation de projets Data et Intelligence Artificielle. Dans ce contexte, nous recherchons un Lead Data Engineer Databricks capable de transformer les POCs en solutio"
9,adzuna,https://www.adzuna.fr/land/ad/5368309737?se=IoXVdSHg8BGjSLpoVcT1CA&utm_medium=api&utm_source=63eec5d7&v=DD26149A81822C9D75DAD7CBEC225927F428E9C1,Ingénieur IA Gen H/F,Groupe SII,"La-Madeleine, Lille","Vous êtes un(e) Ingénieur IA ou Data Scientist aguerri(e), passionné(e) par l'intelligence artificielle et les grands modèles de langage (LLM) ? Vous avez déjà mis en oeuvre des solutions LLM, RAG et vous souhaitez aller plus loin dans la conception d'architectures IA innovantes ? Chez SII Nord, nous cherchons un(e) expert(e) technique pour rejoindre notre pôle Dat/IA, partager son savoir-faire auprès de nos clients, et piloter des projets d'inno"
9,adzuna,https://www.adzuna.fr/land/ad/5514415311?se=vjcVnh_g8BGjSLpoVcT1CA&utm_medium=api&utm_source=63eec5d7&v=3FD829E04E3DCF9540EB2278A90FC280C18FDA5F,Consultant en Stratégie Data & IA (H/F),OVENTI Consulting,"Paris, Ile-de-France","OVENTI Consulting, cabinet de conseil en Data et Intelligence Artificielle qui allie expertise technique de pointe, vision stratégique et accompagnement sur mesure . Nous couvrons tout le cycle de vie des projets Data/IA, de la stratégie à l'implémentation de solutions personnalisées (ML, BI, automatisation intelligente). Nos équipes, issues des meilleures écoles , s'intègrent chez nos clients ou opèrent depuis notre LAB interne, véritable foyer "
9,adzuna,https://www.adzuna.fr/details/5495454923?utm_medium=api&utm_source=63eec5d7,STAGE M1 – IA & Modélisation ALM – Paris– F/H,Addactis,"8ème Arrondissement, Paris","Prêt à intégrer notre programme « Jeunes Talents » ? Informations clés du stage ‍ Stage de M1, de 3 mois Périmètre : Modélisation ALM, Intelligence Artificielle Localisation : Paris Vous serez intégré.e à la practice Actuarial Consulting, composée de consultant·es de tous niveaux d’expérience et aux expertises complémentaires. En lien direct avec les clients, ils interviennent sur des sujets variés et stimulants en Assurance de Personnes. ✨ Missi"
9,france_travail,https://candidat.francetravail.fr/offres/recherche/detail/201HGQR,Knowledge Manager IA (H/F),,91 - EVRY COURCOURONNES,"CDI - Consultant Knowledge Manager IA (H/F) Employeur : Noroit (ESN IA & Data) Mission principale en prestation pour un de nos clients Qui sommes-nous ? Noroit est une ESN spécialisée en IA et valorisation des données d'entreprise. Nous concevons, déployons et maintenons des solutions d'IA basées en priorité sur des briques open source et des LLM adaptés aux besoins métier de nos clients. Dans le cadre d'une mission de long terme chez un de nos c"
10,adzuna,https://www.adzuna.fr/details/5528876610?utm_medium=api&utm_source=63eec5d7,AI Kernel Optimization Engineer,Openchip And Software Technologies SL,"Montbonnot-saint-martin, Grenoble","The Role: As an AI Kernel optimization Engineer, you will play a key role in pushing the limits of AI inference performance on Openchip RISC-V platforms. You will design, implement, and optimize AI compute kernels (Gen AI Large Language Model, AI Vision, CNNs, etc) and runtime components to fully exploit the underlying hardware architecture — from vector/matrix units and memory hierarchies down to the assembly level. Your work will directly influ"
10,adzuna,https://www.adzuna.fr/details/5532615228?utm_medium=api&utm_source=63eec5d7,Product Owner (F/H),Meritis,"La-Madeleine, Lille","Company Description Meritis est un cabinet de conseil, pilotage et développement IT fondé en 2007 présent à Paris, Sophia-Antipolis, Aix-en-Provence, Montpellier, Toulouse, Nantes et Lille ! Notre mission ? Connecter les meilleurs talents aux entreprises pour leur donner un temps d’avance.​Nous accompagnons nos clients dans l’intégralité de leurs besoins en transformation numérique à travers de nombreux domaines d’expertises : Software Engineerin"
10,adzuna,https://www.adzuna.fr/land/ad/5545252269?se=akZ2mSHg8BGjSLpoVcT1CA&utm_medium=api&utm_source=63eec5d7&v=7815AC5E45723B5C2744B589FF3A889E312D2E3D,Senior Frontend Engineer H/F,Ankorstore,"Paris, Ile-de-France","Ankorstore is built on a simple yet vital insight: independent retailers are essential to the vibrancy and attractiveness of our town centres. However, faced with evolving consumer habits and the dominance of mass retail and e-commerce, these local businesses often struggle to adapt and innovate. To address this challenge, Ankorstore has developed an innovative, global, and technology-driven solution that enables independent retailers to diversif"
10,adzuna,https://www.adzuna.fr/details/5463954292?utm_medium=api&utm_source=63eec5d7,(H/F) Chef de projet de développement des solutions d'intelligences artificielles,Kardham,"17ème Arrondissement, Paris","Kardham est le premier groupe indépendant français à intégrer l'ensemble des compétences métiers de la chaîne de valeur de l’immobilier professionnel : Conseil, Architecture, Design & Build, Ingénierie, Digital. Fondé en 1992, le Groupe accompagne les utilisateurs et les grands professionnels dans l’ensemble de leurs réflexions immobilières, depuis la genèse stratégique des projets jusqu’à leur livraison complète. Présent en France et à l'interna"
10,adzuna,https://www.adzuna.fr/details/5549727351?utm_medium=api&utm_source=63eec5d7,Auditeur Financier Junior- Lyon - Septembre/Décembre 2026 - H/F,Forvis Mazars,"Lyon, Rhône","Description du poste Etre auditeur chez Forvis Mazars, c'est avant tout un état d'esprit ! Notre mindset ? Développer une approche sur-mesure et innovante pour nos clients, et ce dans la bonne humeur ! Forvis Mazars est en forte croissance et diversifie ses secteurs d'activités : vous découvrirez ainsi les joies de travailler pour des grands groupes, des PME, des ETI, des organismes publics ou bien encore des start-ups. Nos enjeux ? Comprendre le"
10,adzuna,https://www.adzuna.fr/details/5518720646?utm_medium=api&utm_source=63eec5d7,Electricien/Electricienne basse tension,SNCF Réseau,"Drôme, Auvergne-Rhône-Alpes","Parce que des installations électriques parfaitement entretenues sont essentielles à la circulation des trains sur notre réseau, nous recherchons un(e) électricien/électricienne basse tension pour rejoindre notre grande équipe ! Curieux(se), coopératif(ve), attentif(ve) et capable de faire preuve d'autonomie pour prendre des décisions rapidement ? Vous êtes la personne qu'il nous faut ! Vos journées seront rythmées par les missions suivantes : o "
11,adzuna,https://www.adzuna.fr/land/ad/4957652998?se=oks0mx_g8BGjSLpoVcT1CA&utm_medium=api&utm_source=63eec5d7&v=39D69CF9638FAD92F1664BE5CDF3D217E0A34CD6,Manager Consultant/Consultante - Transformation Digitale Finance S/4 Hana - Paris,Capgemini Invent,"Issy-les-Moulineaux, Boulogne-Billancourt","Chez Capgemini Invent, nous croyons que l’innovation est le moteur du changement. En tant que consultants en transformation digitale, nous combinons nos capacités stratégiques, créatives et scientifiques, en collaborant étroitement avec nos clients pour leur fournir des solutions de pointe. Rejoignez-nous pour conduire une transformation adaptée aux défis d'aujourd'hui et de demain. Vos missions Vous accompagnerez les CFO et les directions financ"
11,adzuna,https://www.adzuna.fr/land/ad/4957652998?se=dLFHvCHg8BGA6Y9wrffGwg&utm_medium=api&utm_source=63eec5d7&v=39D69CF9638FAD92F1664BE5CDF3D217E0A34CD6,Manager Consultant/Consultante - Transformation Digitale Finance S/4 Hana - Paris,Capgemini Invent,"Issy-les-Moulineaux, Boulogne-Billancourt","Chez Capgemini Invent, nous croyons que l’innovation est le moteur du changement. En tant que consultants en transformation digitale, nous combinons nos capacités stratégiques, créatives et scientifiques, en collaborant étroitement avec nos clients pour leur fournir des solutions de pointe. Rejoignez-nous pour conduire une transformation adaptée aux défis d'aujourd'hui et de demain. Vos missions Vous accompagnerez les CFO et les directions financ"
11,adzuna,https://www.adzuna.fr/land/ad/5460654218?se=BmQpuSHg8BGjSLpoVcT1CA&utm_medium=api&utm_source=63eec5d7&v=51CF9D2866EB687BE6F6EF2F4394543A3D679CCF,Director Supply Chain Strategy & Transformation – Paris,Capgemini Invent,"Paris, Ile-de-France","Chez Capgemini Invent, nous croyons que l’innovation est le moteur du changement. En tant que consultants en transformation digitale, nous combinons nos capacités stratégiques, créatives et scientifiques, en collaborant étroitement avec nos clients pour leur fournir des solutions de pointe. Rejoignez-nous pour conduire une transformation adaptée aux défis d'aujourd'hui et de demain. Vos missions : En rejoignant nos équipes, vous deviendrez un act"
11,adzuna,https://www.adzuna.fr/land/ad/5234161760?se=5Ig_mB_g8BGA6Y9wrffGwg&utm_medium=api&utm_source=63eec5d7&v=38CB8E31CF724DA503E9A682C4CA6C1D25B3DE75,Managing Consultant/Consultante - Transformation Finance & CFO Advisory,Capgemini Invent,"Issy-les-Moulineaux, Boulogne-Billancourt","Chez Capgemini Invent, nous croyons que l’innovation est le moteur du changement. En tant que consultants en transformation digitale, nous combinons nos capacités stratégiques, créatives et scientifiques, en collaborant étroitement avec nos clients pour leur fournir des solutions de pointe. Rejoignez-nous pour conduire une transformation adaptée aux défis d'aujourd'hui et de demain. Vos missions En tant que Manager, vous jouerez un rôle central d"
11,adzuna,https://www.adzuna.fr/details/5492336225?utm_medium=api&utm_source=63eec5d7,Responsable Atelier Adjoint H/F,Norauto,"Laxou, Nancy","Tu crois que chez Norauto, on ne fait que du pneu ? Erreur ! Nous faisons plus de 140 prestations, de la voiture thermique à la voiture électrique ! Chez Norauto, nos collaborateurs sont convaincus qu'il est nécessaire de s'engager avec les automobilistes dans une démarche plus durable et responsable. Au sein de nos 400 centres, nous oeuvrons chaque jour à développer des solutions accessibles et innovantes pour favoriser leur mobilité d'aujourd'h"
11,adzuna,https://www.adzuna.fr/details/5503066164?utm_medium=api&utm_source=63eec5d7,Responsable Atelier Adjoint H/F,Norauto,"Vélizy-Villacoublay, Versailles","Tu crois que chez Norauto, on ne fait que du pneu ? Erreur ! Nous faisons plus de 140 prestations, de la voiture thermique à la voiture électrique ! Chez Norauto, nos collaborateurs sont convaincus qu'il est nécessaire de s'engager avec les automobilistes dans une démarche plus durable et responsable. Au sein de nos 400 centres, nous oeuvrons chaque jour à développer des solutions accessibles et innovantes pour favoriser leur mobilité d'aujourd'h"
12,adzuna,https://www.adzuna.fr/details/5014331553?utm_medium=api&utm_source=63eec5d7,Consultant(e) en Transformation Numérique - Médias H/F,mc2i,France,"mc2i is an independent consulting firm that supports its key clients with their digital transformation projects. For over 35 years, we've been active in diverse sectors and areas, including Human Resources, Energy & Utilities, Transport, Banking, Finance & Insurance, Retail & Luxury, Media & Telecoms, Marketing & Customer Experience, Public Services, Cybersecurity, Data/AI, Infra, UX/UI Design, and Management & Organization. We're recognized for "
12,adzuna,https://www.adzuna.fr/details/5015720084?utm_medium=api&utm_source=63eec5d7,Consultant(e) Transformation numérique – Finance de marché H/F,mc2i,France,"mc2i is an independent consulting firm that supports its key clients with their digital transformation projects. For over 35 years, we've been active in diverse sectors and areas, including Human Resources, Energy & Utilities, Transport, Banking, Finance & Insurance, Retail & Luxury, Media & Telecoms, Marketing & Customer Experience, Public Services, Cybersecurity, Data/AI, Infra, UX/UI Design, and Management & Organization. We're recognized for "
12,adzuna,https://www.adzuna.fr/details/5014316030?utm_medium=api&utm_source=63eec5d7,Consultant(e) Senior en Transformation Numerique - Banque Finance Assurance H/F,mc2i,France,"mc2i is an independent consulting firm that supports its key clients with their digital transformation projects. For over 35 years, we've been active in diverse sectors and areas, including Human Resources, Energy & Utilities, Transport, Banking, Finance & Insurance, Retail & Luxury, Media & Telecoms, Marketing & Customer Experience, Public Services, Cybersecurity, Data/AI, Infra, UX/UI Design, and Management & Organization. We're recognized for "
12,adzuna,https://www.adzuna.fr/details/5182097930?utm_medium=api&utm_source=63eec5d7,Consultant en transformation numérique - Transition/Efficacité énergétique H/F,mc2i,France,"mc2i is an independent consulting firm that supports its key clients with their digital transformation projects. For over 35 years, we've been active in diverse sectors and areas, including Human Resources, Energy & Utilities, Transport, Banking, Finance & Insurance, Retail & Luxury, Media & Telecoms, Marketing & Customer Experience, Public Services, Cybersecurity, Data/AI, Infra, UX/UI Design, and Management & Organization. We're recognized for "
12,adzuna,https://www.adzuna.fr/details/5014310261?utm_medium=api&utm_source=63eec5d7,Consultant(e) Transformation Numérique – Banque/Finance - Crédits H/F,mc2i,France,"mc2i is an independent consulting firm that supports its key clients with their digital transformation projects. For over 35 years, we've been active in diverse sectors and areas, including Human Resources, Energy & Utilities, Transport, Banking, Finance & Insurance, Retail & Luxury, Media & Telecoms, Marketing & Customer Experience, Public Services, Cybersecurity, Data/AI, Infra, UX/UI Design, and Management & Organization. We're recognized for "
12,adzuna,https://www.adzuna.fr/details/5056067163?utm_medium=api&utm_source=63eec5d7,Consultant(e) transformation numérique - Protection sociale H/F,mc2i,France,"mc2i is an independent consulting firm that supports its key clients with their digital transformation projects. For over 35 years, we've been active in diverse sectors and areas, including Human Resources, Energy & Utilities, Transport, Banking, Finance & Insurance, Retail & Luxury, Media & Telecoms, Marketing & Customer Experience, Public Services, Cybersecurity, Data/AI, Infra, UX/UI Design, and Management & Organization. We're recognized for "
13,adzuna,https://www.adzuna.fr/details/5460543393?utm_medium=api&utm_source=63eec5d7,CDD Conducteur accompagnateur PMR (H/F),Entreprise,"Sarthe, Pays de la Loire","DESCRIPTIF DU POSTE Sur le secteur du Mans, avec responsabilité et autonomie, vous assurez le transport et l'accompagnement d'usagers en situation de handicap, de leur domicile à leur établissement spécialisé. Les transports se déroulent du lundi au vendredi (sauf mercredi) sur les créneaux d'ouverture et de fermeture des établissements (entre 6h et 9h et entre 16h et 19h). Et durent en moyenne 1h30 matin et soir, moyennant 12h par semaine. - Une"
13,adzuna,https://www.adzuna.fr/details/5543558143?utm_medium=api&utm_source=63eec5d7,CONDUCTEUR-ACCOMPAGNATEUR () H/F,TITI FLORIS,"Luçon, Fontenay-le-Comte","Sur le secteur de Luçon, avec responsabilité et autonomie, vous assurez le transport et l'accompagnement de personnes en situation de handicap ou en réinsertion, de points d'arrêts à leur entreprise ou écoles, du lundi au vendredi sur des horaires tôt le matin ou tard le soir. - Une priorité est donnée quant à la sécurité des usagers, au respect du code de la route et à la ponctualité.- Conduite d'un véhicule 9 places (type minibus). Vous êtes re"
13,adzuna,https://www.adzuna.fr/details/5294730203?utm_medium=api&utm_source=63eec5d7,CDD Conducteur Accompagnateur (H/F),Entreprise,"Cholet 1er Canton, Cholet","DESCRIPTIF DU POSTE Sur le secteur de Cholet, avec responsabilité et autonomie, vous assurez le transport de travailleurs sous forme de navette, du lundi au vendredi. Les plannings sont fournis la veille pour le lendemain. - Une priorité est donnée quant à la sécurité des usagers, au respect du code de la route et à la ponctualité . - Conduite d'un minibus 9 places . Vous êtes responsable du suivi de l'entretien et de la propreté du véhicule Titi"
13,adzuna,https://www.adzuna.fr/details/4910805882?utm_medium=api&utm_source=63eec5d7,Conducteur-accompagnateur (H/F),TITI FLORIS,"Brest-L'Hermitage-Gouesnou, Brest","Sur le secteur de Brest, avec responsabilité et autonomie, vous assurez le transport et l'accompagnement d'enfants et/ou adolescents à mobilité réduite, de leur domicile à leur établissement scolaire et/ou spécialisé, du lundi au vendredi sur les créneaux d'ouverture et de fermeture des établissements (6h-9h / 16h-19h). - Une priorité est donnée quant à la sécurité des usagers, au respect du code de la route et à la ponctualité. - Conduite d'un v"
13,adzuna,https://www.adzuna.fr/details/5365238137?utm_medium=api&utm_source=63eec5d7,CDD Conducteur accompagnateur,Entreprise,"Chauvigny, Montmorillon","DESCRIPTIF DU POSTE Sur le secteur de Chauvigny , avec responsabilité et autonomie, vous assurez le transport et l'accompagnement d'enfants et d'adolescents en situation de handicap (déficiences intellectuelles, troubles comportementaux), de leur domicile à leur établissement spécialisé . Les circuits se déroulent du lundi au vendredi sur les créneaux d'ouverture et de fermeture des établissements spécialisés (6h-9h / 16h-19h), moyennant 15h à 20"
13,adzuna,https://www.adzuna.fr/details/5538582896?utm_medium=api&utm_source=63eec5d7,CONDUCTEUR-ACCOMPAGNATEUR () H/F,TITI FLORIS,"Blanzac-Porcheresse, Angoulême","Sur le secteur de Sireuil, avec responsabilité et autonomie, vous assurez le transport et l'accompagnement d'usagers en situation de handicap physique. Les transports se déroulent du lundi au vendredi (entre 07h00 et 09h00 et entre 16h00 et 18h00) et durent environ 1h30/2h00 matin et soir, moyennant 20h par semaine.Des missions sont également possible le week-end (samedi).- Une priorité est donnée quant à la sécurité des usagers, au respect du co"
14,adzuna,https://www.adzuna.fr/land/ad/5540562575?se=aBQ_jSDg8BGjSLpoVcT1CA&utm_medium=api&utm_source=63eec5d7&v=4305E68867A774C59D2A180AF3AB27EB5ABD6F48,Directeur commercial indépendant H/F (Franchises),PROSPACTIVE,"Vendée, Pays de la Loire","Le tissu économique français est composé de plus de 400 000 TPE/PME dans notre coeur de cible, représentant 99,8% des entreprises en France. Ces PME sont le moteur de la croissance et de l'économie, mais elles font face à de nombreux défis, notamment en matière de développement commercial. Chez PROSPACTIVE, nous sommes convaincus depuis 30 ans, que le développement commercial est la clé du succès des PME. Notre réseau d'experts accrédités accompa"
14,adzuna,https://www.adzuna.fr/land/ad/5536305667?se=2FDBiyDg8BGjSLpoVcT1CA&utm_medium=api&utm_source=63eec5d7&v=2A0C4642DD09B004C765205A332FCA3C9C80E202,Directeur administratif financier indépendant H/F (Franchises),DAF-ACTIVE,"Moselle, Grand-Est","Le tissu économique français est composé de plus de 400 000 TPE/PME dans notre coeur de cible, représentant 99,8% des entreprises en France. Ces PME sont le moteur de la croissance et de l'économie, mais elles font face à de nombreux défis, notamment en matière de gestion financière (manque de ressources, gestion de la trésorerie, complexité des obligations fiscales, gestion des risques, évolution rapide du marché). Chez DAF-ACTIVE, nous sommes c"
14,adzuna,https://www.adzuna.fr/land/ad/5531895260?se=2FDBiyDg8BGjSLpoVcT1CA&utm_medium=api&utm_source=63eec5d7&v=5ABA6B1BFDB4D0B8B8A4D732B3BDED689F338CB5,Directeur commercial indépendant H/F (Franchises),PROSPACTIVE,"Cantal, Auvergne-Rhône-Alpes","Le tissu économique français est composé de plus de 400 000 TPE/PME dans notre coeur de cible, représentant 99,8% des entreprises en France. Ces PME sont le moteur de la croissance et de l'économie, mais elles font face à de nombreux défis, notamment en matière de développement commercial. Chez PROSPACTIVE, nous sommes convaincus depuis 30 ans, que le développement commercial est la clé du succès des PME. Notre réseau d'experts accrédités accompa"
14,adzuna,https://www.adzuna.fr/land/ad/5531895218?se=2FDBiyDg8BGjSLpoVcT1CA&utm_medium=api&utm_source=63eec5d7&v=41BA651AA5A22F8D46EDE8757A984714B3F9A11B,Directeur commercial indépendant H/F (Franchises),PROSPACTIVE,"Hérault, Occitanie","Le tissu économique français est composé de plus de 400 000 TPE/PME dans notre coeur de cible, représentant 99,8% des entreprises en France. Ces PME sont le moteur de la croissance et de l'économie, mais elles font face à de nombreux défis, notamment en matière de développement commercial. Chez PROSPACTIVE, nous sommes convaincus depuis 30 ans, que le développement commercial est la clé du succès des PME. Notre réseau d'experts accrédités accompa"
14,adzuna,https://www.adzuna.fr/land/ad/5540562568?se=aBQ_jSDg8BGjSLpoVcT1CA&utm_medium=api&utm_source=63eec5d7&v=27E979C1D085EBD7C7C5C8166BE0C5D15DD65563,Directeur commercial indépendant H/F (Franchises),PROSPACTIVE,"Oise, Hauts-De-France","Le tissu économique français est composé de plus de 400 000 TPE/PME dans notre coeur de cible, représentant 99,8% des entreprises en France. Ces PME sont le moteur de la croissance et de l'économie, mais elles font face à de nombreux défis, notamment en matière de développement commercial. Chez PROSPACTIVE, nous sommes convaincus depuis 30 ans, que le développement commercial est la clé du succès des PME. Notre réseau d'experts accrédités accompa"
14,adzuna,https://www.adzuna.fr/land/ad/5531894286?se=2FDBiyDg8BGjSLpoVcT1CA&utm_medium=api&utm_source=63eec5d7&v=2640D5E70983F4032FD3FA2F210147BFC61F7076,Directeur administratif financier indépendant H/F (Franchises),DAF-ACTIVE,"Oise, Hauts-De-France","Le tissu économique français est composé de plus de 400 000 TPE/PME dans notre coeur de cible, représentant 99,8% des entreprises en France. Ces PME sont le moteur de la croissance et de l'économie, mais elles font face à de nombreux défis, notamment en matière de gestion financière (manque de ressources, gestion de la trésorerie, complexité des obligations fiscales, gestion des risques, évolution rapide du marché). Chez DAF-ACTIVE, nous sommes c"
15,adzuna,https://www.adzuna.fr/details/5463878807?utm_medium=api&utm_source=63eec5d7,Spécialiste Support Technique Automatisme F/H,Externatic,"Lanester, Lorient","Présentation de la société Crée il y a 15 ans, Externatic est l'un des 1ers cabinets de recrutement spécialisés ""Informatique, Data & Cybersécurité"" à voir le jour en France. Notre credo est simple : ""permettre à nos candidats, via notre réseau, d'accéder au marché caché et d'être recruté uniquement au sein d'entreprises finales (0% d'ESN) "" . Externatic en bref : 15 ans de professionnalisme sur le recrutement ""tech"" externalisé pour des entrepri"
15,adzuna,https://www.adzuna.fr/details/5235165916?utm_medium=api&utm_source=63eec5d7,Développeur back-end Java/Quarkus H/F @IoT,Externatic,"Allonnes, Saumur","Présentation de la société Crée il y a 15 ans, Externatic est l'un des 1ers cabinets de recrutement spécialisés ""Informatique, Data & Cybersécurité"" à voir le jour en France. Notre credo est simple : ""permettre à nos candidats, via notre réseau, d'accéder au marché caché et d'être recruté uniquement au sein d'entreprises finales (0% d'ESN) "" . Externatic en bref : 15 ans de professionnalisme sur le recrutement ""tech"" externalisé pour des entrepri"
15,adzuna,https://www.adzuna.fr/details/5343559863?utm_medium=api&utm_source=63eec5d7,Technicien(ne) itinérant(e) contrôle d’accès H/F,Externatic,"Charente-Maritime, Nouvelle-Aquitaine","Présentation de la société Crée il y a 15 ans, Externatic est l'un des 1ers cabinets de recrutement spécialisés ""Informatique, Data & Cybersécurité"" à voir le jour en France. Notre credo est simple : ""permettre à nos candidats, via notre réseau, d'accéder au marché caché et d'être recruté uniquement au sein d'entreprises finales (0% d'ESN) "" . Externatic en bref : 15 ans de professionnalisme sur le recrutement ""tech"" externalisé pour des entrepri"
15,adzuna,https://www.adzuna.fr/details/5539913598?utm_medium=api&utm_source=63eec5d7,Développeur Ruby on Rails Confirmé @TravelTech F/H,Externatic,"Saint-Cloud, Boulogne-Billancourt","Présentation de la société Crée il y a 15 ans, Externatic est l'un des 1ers cabinets de recrutement spécialisés ""Informatique, Data & Cybersécurité"" à voir le jour en France. Notre credo est simple : ""permettre à nos candidats, via notre réseau, d'accéder au marché caché et d'être recruté uniquement au sein d'entreprises finales (0% d'ESN) "" . Externatic en bref : 15 ans de professionnalisme sur le recrutement ""tech"" externalisé pour des entrepri"
15,adzuna,https://www.adzuna.fr/details/5549959388?utm_medium=api&utm_source=63eec5d7,Administrateur Réseaux & Sécurité confirmé F/H/X,Externatic,"Branne, Libourne","Présentation de la société Crée il y a 15 ans, Externatic est l'un des 1ers cabinets de recrutement spécialisés ""Informatique, Data & Cybersécurité"" à voir le jour en France. Notre credo est simple : ""permettre à nos candidats, via notre réseau, d'accéder au marché caché et d'être recruté uniquement au sein d'entreprises finales (0% d'ESN) "" . Externatic en bref : 15 ans de professionnalisme sur le recrutement ""tech"" externalisé pour des entrepri"
15,adzuna,https://www.adzuna.fr/details/5435269998?utm_medium=api&utm_source=63eec5d7,Ingénieur développeur @support technique H/F,Externatic,"Lanester, Lorient","Présentation de la société Crée il y a 15 ans, Externatic est l'un des 1ers cabinets de recrutement spécialisés ""Informatique, Data & Cybersécurité"" à voir le jour en France. Notre credo est simple : ""permettre à nos candidats, via notre réseau, d'accéder au marché caché et d'être recruté uniquement au sein d'entreprises finales (0% d'ESN) "" . Externatic en bref : 15 ans de professionnalisme sur le recrutement ""tech"" externalisé pour des entrepri"
16,adzuna,https://www.adzuna.fr/details/5479695825?utm_medium=api&utm_source=63eec5d7,Chef de projet - Global Transformation Unit H/F,Crédit Agricole CIB,France,"Informations générales Entité Rejoignez les équipes de Crédit Agricole CIB, la banque de financement et d'investissement du groupe Crédit Agricole, 10e groupe bancaire mondial en taille de bilan*. Nous accompagnons les grandes entreprises et institutions financières dans leur développement et le financement de leurs projets. Pionniers dans la finance responsable, l'engagement social et environnemental sont au cœur de nos activités. Intégrer nos é"
16,adzuna,https://www.adzuna.fr/details/5457186348?utm_medium=api&utm_source=63eec5d7,Chargé de projet et référent data H/F,Crédit Agricole,France,"Informations générales Entité Rejoignez les équipes de Crédit Agricole CIB, la banque de financement et d'investissement du groupe Crédit Agricole, 10e groupe bancaire mondial en taille de bilan*. Nous accompagnons les grandes entreprises et institutions financières dans leur développement et le financement de leurs projets. Pionniers dans la finance responsable, l'engagement social et environnemental sont au cœur de nos activités. Intégrer nos é"
16,adzuna,https://www.adzuna.fr/details/5505872532?utm_medium=api&utm_source=63eec5d7,Data Analyst - Inspection Générale H/F,LCL,France,"Présentation de l'entité : Filiale du Groupe Crédit Agricole depuis 2003, LCL est aujourd'hui l'une des plus grandes banques de détail en France. Grâce à son réseau d'agences et centres d'affaires entreprises, sa banque à distance et sa banque privée, LCL accompagne 6 millions de clients particuliers et professionnels, et est la banque d'une entreprise sur trois. Présentation de l'équipe : L'Inspection Générale de LCL est intégrée à la Ligne Méti"
16,adzuna,https://www.adzuna.fr/land/ad/5538776163?se=cLqKQiHg8BGYoOuiY5-tmQ&utm_medium=api&utm_source=63eec5d7&v=348419AEC2A300E2A8171D89ADF1FF71AB47530F,Tech Lead IA H/F,Klanik,"Bouches-du-Rhône, Provence-Alpes-Côte d'Azur","À propos KLANIK est une société de conseil en Ingénierie IT qui accompagne ses clients dans leurs projets digitaux et technologiques. Le groupe KLANIK compte désormais plus de 750 talents, évoluant dans 16 agences en Europe, Amérique du Nord, Afrique et Moyen-Orient. Des experts engagés, atypiques et passionnés, impliqués dans des projets stratégiques grâce à leur haut niveau de compétences en Software, DevOps, Cloud, Agilité, Cybersécurité, Big "
16,adzuna,https://www.adzuna.fr/details/5448191401?utm_medium=api&utm_source=63eec5d7,Stage 2026 Chargé d’études statistiques H/F,Crédit Agricole Personal Finance & Mobility,"Massy, Palaiseau","Qui sommes nous ? Crédit Agricole Personal Finance & Mobility, filiale à 100% du Groupe Crédit Agricole, est un leader du financement personnel et un fournisseur d’accès à toutes les solutions de mobilités en Europe. Il distribue ces solutions en direct auprès des particuliers, sur le s lieu x de vente ou sur les plateformes e-commerce de ses partenaires, une gamme étendue de solutions de financement . Ces solutions de crédit amortissable, crédit"
16,adzuna,https://www.adzuna.fr/details/5516289839?utm_medium=api&utm_source=63eec5d7,Data Scientist - CDD - 5 mois - ROUBAIX H/F,Crédit Agricole,"Roubaix, Lille","Informations générales Entité Crédit Agricole Personal Finance & Mobility, filiale à 100% du Groupe Crédit Agricole, est un leader du financement personnel et un fournisseur d'accès à toutes les solutions de mobilités en Europe. Il distribue ces solutions en direct auprès des particuliers, sur les lieux de vente ou sur les plateformes e-commerce de ses partenaires, une gamme étendue de solutions de financement. Ces solutions de crédit amortissabl"
17,hellowork,https://www.hellowork.com/fr-fr/emplois/72382046.html,Stage Data Scientist - Recommandation E-Commerce H/F Carrefour,Carrefour,F Carrefour Massy - 91,Offre Emploi Stage Data Scientist Recommandation E-Commerce Massy (91) - Recrutement par Carrefour | Hellowork Aller au contenu principal Complétez votre profil pour recevoir des offres adaptées. Mon espace Mes CV vus Mes candidatures Mes alertes Mon profil Paramètres Déconnexion Missions d'intérim Offres de stage Offres en alternance Créer mon alerte Déposer mon CV Salaire brut net Téléchargez l'app et postulez dans les premiers ! Diffuser ma pr
17,hellowork,https://www.hellowork.com/fr-fr/emplois/73129582.html,Data Analyst Senior H/F LHH Recruitment Solutions,LHH Recruitment Solutions,F LHH Recruitment Solutions Agence d'intérim Frépillon - 95 CDI 50 000 - 60,Offre Emploi CDI Data Analyst Senior Frépillon (95) - Recrutement par LHH Recruitment Solutions | Hellowork Aller au contenu principal Complétez votre profil pour recevoir des offres adaptées. Mon espace Mes CV vus Mes candidatures Mes alertes Mon profil Paramètres Déconnexion Missions d'intérim Offres de stage Offres en alternance Créer mon alerte Déposer mon CV Salaire brut net Téléchargez l'app et postulez dans les premiers ! Diffuser ma premi
17,hellowork,https://www.hellowork.com/fr-fr/emplois/57414320.html,Senior Data Software Engineer Python - Fastapi - Gcp Insurtech Paris H/F Octopus IT,Octopus IT,F Octopus IT Paris - 75 CDI 60 000 - 80,Offre Emploi CDI Senior Data Software Engineer Python Fastapi Gcp Insurtech Paris (75) - Recrutement par Octopus IT | Hellowork Aller au contenu principal Complétez votre profil pour recevoir des offres adaptées. Mon espace Mes CV vus Mes candidatures Mes alertes Mon profil Paramètres Déconnexion Missions d'intérim Offres de stage Offres en alternance Créer mon alerte Déposer mon CV Salaire brut net Téléchargez l'app et postulez dans les premiers
17,hellowork,https://www.hellowork.com/fr-fr/emplois/73104077.html,Data Scientist Specialise en IA Agentique H/F Fmi Florian Mantione Institut,Fmi Florian Mantione Institut,F Fmi Florian Mantione Institut Alpes-Maritimes - 06,Offre Emploi CDI Data Scientist Specialise en IA Agentique Alpes-Maritimes (06) - Recrutement par Fmi Florian Mantione Institut | Hellowork Aller au contenu principal Complétez votre profil pour recevoir des offres adaptées. Mon espace Mes CV vus Mes candidatures Mes alertes Mon profil Paramètres Déconnexion Missions d'intérim Offres de stage Offres en alternance Créer mon alerte Déposer mon CV Salaire brut net Téléchargez l'app et postulez dans 
17,hellowork,https://www.hellowork.com/fr-fr/emplois/73489398.html,Engineer H/F Hager Group,Hager Group,F Hager Group Obernai - 67,Offre Emploi CDI Engineer Obernai (67) - Recrutement par Hager Group | Hellowork Aller au contenu principal Complétez votre profil pour recevoir des offres adaptées. Mon espace Mes CV vus Mes candidatures Mes alertes Mon profil Paramètres Déconnexion Missions d'intérim Offres de stage Offres en alternance Créer mon alerte Déposer mon CV Salaire brut net Téléchargez l'app et postulez dans les premiers ! Diffuser ma première offre Déjà client Téléc
17,hellowork,https://www.hellowork.com/fr-fr/emplois/73887080.html,Stage - Analyste de Données H/F CMA CGM,CMA CGM,F CMA CGM Marseille - 13,Offre Emploi Stage Analyste de Données Marseille (13) - Recrutement par CMA CGM | Hellowork Aller au contenu principal Complétez votre profil pour recevoir des offres adaptées. Mon espace Mes CV vus Mes candidatures Mes alertes Mon profil Paramètres Déconnexion Missions d'intérim Offres de stage Offres en alternance Créer mon alerte Déposer mon CV Salaire brut net Téléchargez l'app et postulez dans les premiers ! Diffuser ma première offre Déjà c
18,adzuna,https://www.adzuna.fr/details/5417174748?utm_medium=api&utm_source=63eec5d7,"Applied AI Engineer, Senior/Staff Fullstack Software Engineer - EMEA",Mistral Ai,"1er Arrondissement, Paris","About Mistral At Mistral AI, we believe in the power of AI to simplify tasks, save time, and enhance learning and creativity. Our technology is designed to integrate seamlessly into daily working life. We democratize AI through high-performance, optimized, open-source and cutting-edge models, products and solutions. Our comprehensive AI platform is designed to meet enterprise needs, whether on-premises or in cloud environments. Our offerings incl"
18,adzuna,https://www.adzuna.fr/land/ad/5548072626?se=9vH2miHg8BGYoOuiY5-tmQ&utm_medium=api&utm_source=63eec5d7&v=38E244AB133C7550BC50D8FD5B93A1BB2FFE9BD6,Lead ai Scientist Finance Mistral Science - Paris H/F,Mistralai,"Paris, Ile-de-France","About Mistral At Mistral AI, we believe in the power of AI to simplify tasks, save time, and enhance learning and creativity. Our technology is designed to integrate seamlessly into daily working life. We democratize AI through high-performance, optimized, open-source and cutting-edge models, products and solutions. Our comprehensive AI platform is designed to meet enterprise as well as personal needs. Our offerings include Le Chat, La Plateforme"
18,adzuna,https://www.adzuna.fr/land/ad/5551576954?se=SpllxB_g8BGYoOuiY5-tmQ&utm_medium=api&utm_source=63eec5d7&v=989AA9F49902CEDD9F41F7AFD6B80EAC972FCACC,Data Analyst H/F,Mistralai,"Paris, Ile-de-France","About Mistral At Mistral AI, we believe in the power of AI to simplify tasks, save time, and enhance learning and creativity. Our technology is designed to integrate seamlessly into daily working life. We democratize AI through high-performance, optimized, open-source and cutting-edge models, products and solutions. Our comprehensive AI platform is designed to meet enterprise needs, whether on-premises or in cloud environments. Our offerings incl"
18,adzuna,https://www.adzuna.fr/details/5444019169?utm_medium=api&utm_source=63eec5d7,"Applied AI Engineer, Prototyping",Mistral Ai,"1er Arrondissement, Paris","About Mistral At Mistral AI, we believe in the power of AI to simplify tasks, save time, and enhance learning and creativity. Our technology is designed to integrate seamlessly into daily working life. We democratize AI through high-performance, optimized, open-source and cutting-edge models, products and solutions. Our comprehensive AI platform is designed to meet enterprise needs, whether on-premises or in cloud environments. We are a dynamic, "
18,adzuna,https://www.adzuna.fr/land/ad/5548072581?se=NpQ8PCHg8BGA6Y9wrffGwg&utm_medium=api&utm_source=63eec5d7&v=8B715EA6D0756D424D776AC80EC851A011027995,Machine Learning Engineer Open-Source Software - Paris - London H/F,Mistralai,"Paris, Ile-de-France","About Mistral At Mistral AI, we believe in the power of AI to simplify tasks, save time, and enhance learning and creativity. Our technology is designed to integrate seamlessly into daily working life. We democratize AI through high-performance, optimized, open-source and cutting-edge models, products and solutions. Our comprehensive AI platform is designed to meet enterprise needs, whether on-premises or in cloud environments. Our offerings incl"
18,adzuna,https://www.adzuna.fr/land/ad/5548174438?se=dkogniHg8BGA6Y9wrffGwg&utm_medium=api&utm_source=63eec5d7&v=9902EB6A87D1F5F8B27127DAF06E0F3429CC470C,Head EMEA Customer Success Management - EMEA H/F,Mistralai,"Paris, Ile-de-France","About Mistral At Mistral AI, we believe in the power of AI to simplify tasks, save time, and enhance learning and creativity. Our technology is designed to integrate seamlessly into daily working life. We democratize AI through high-performance, optimized, open-source and cutting-edge models, products and solutions. Our comprehensive AI platform is designed to meet enterprise needs, whether on-premises or in cloud environments. Our offerings incl"
19,adzuna,https://www.adzuna.fr/details/5486895098?utm_medium=api&utm_source=63eec5d7,Senior Technical Product Manager - Advertising solutions,Voodoo,"Paris, Ile-de-France","About Voodoo Founded in 2013, Voodoo is a tech company that creates mobile games and apps with a mission to entertain the world. Gathering 800 employees, 7 billion downloads, and over 200 million active users, Voodoo is the 3 mobile publisher worldwide in terms of downloads after Google and Meta. Our portfolio includes chart-topping games like Mob Control and Block Jam, alongside popular apps such as BeReal and Wizz. Team The Product, Engineering"
19,adzuna,https://www.adzuna.fr/land/ad/5550604393?se=WNB_dyHg8BGjSLpoVcT1CA&utm_medium=api&utm_source=63eec5d7&v=1DEA77A2A7FAD5389F13F48E9D4C9D15DA22AA1D,"Research Scientist Intern, RL and Agents Team (MSc)",Meta,"Paris, Ile-de-France","Summary: Meta was built to help people connect and share, and over the last decade our tools have played a critical part in changing how people around the world communicate with one another. With over a billion people using the service and more than fifty offices around the globe, a career at Meta offers countless ways to make an impact in a fast growing organization.Meta is seeking Research Interns to join our Meta Superintelligence Lab in one o"
19,adzuna,https://www.adzuna.fr/details/5328153823?utm_medium=api&utm_source=63eec5d7,Performance Marketing Lead - Gaming,Voodoo,"Paris, Ile-de-France","About Voodoo Founded in 2013, Voodoo is a tech company that creates mobile games and apps with a mission to entertain the world. Gathering 800 employees, 7 billion downloads, and over 200 million active users, Voodoo is the 3 mobile publisher worldwide in terms of downloads after Google and Meta. Our portfolio includes chart-topping games like Mob Control and Block Jam, alongside popular apps such as BeReal and Wizz. Team Our Growth team is a tra"
19,adzuna,https://www.adzuna.fr/details/5501243435?utm_medium=api&utm_source=63eec5d7,¿Quieres iniciar tu experiencia profesional desarrollando la Inteligencia Artificial y Big Data en una empresa TOP a nivel industrial?,Site Process/Manufacturing Engineering,"Boussac, Guéret","Valeo is a tech global company, designing breakthrough solutions to reinvent the mobility. We are an automotive supplier partner to automakers and new mobility actors worldwide. Our vision? Invent a greener and more secured mobility, thanks to solutions focusing on intuitive driving and reducing CO2 emissions. We are leader on our businesses, and recognized as one of the largest global innovative companies. Position Summary Optimizations Industri"
19,adzuna,https://www.adzuna.fr/land/ad/5503115202?se=Ih-HoiHg8BGjSLpoVcT1CA&utm_medium=api&utm_source=63eec5d7&v=ED8D4F75ABED5D9C43D6C68D04EA515B34F8AB00,Accelerator Digital Lead Data Scientist Lyon H/F,Sanofi Winthrop Industrie,"Rhône, Auvergne-Rhône-Alpes","Le contenu du poste est libellé en anglais car il nécessite de nombreuses interactions avec nos filiales à l'international, l'anglais étant la langue de travail. This job offer is accessible to all, regardless of gender. Job title: Lead Data Scientist - Hybrid: 60% office based, 40% remote - Permanent, Fulltime - Location: Lyon About the job About Sanofi: We're an R&D-driven, AI-powered biopharma company committed to improving people's lives and "
19,adzuna,https://www.adzuna.fr/details/5328151253?utm_medium=api&utm_source=63eec5d7,Senior Data Analyst - Midcore Games,Voodoo,"Paris, Ile-de-France","About Voodoo Founded in 2013, Voodoo is a tech company that creates mobile games and apps with a mission to entertain the world. Gathering 800 employees, 7 billion downloads, and over 200 million active users, Voodoo is the 3 mobile publisher worldwide in terms of downloads after Google and Meta. Our portfolio includes chart-topping games like Mob Control and Block Jam, alongside popular apps such as BeReal and Wizz. Team You will be an integral "
20,adzuna,https://www.adzuna.fr/details/5544953932?utm_medium=api&utm_source=63eec5d7,Ingénieur Méthodes Industrielles Electronique (H/F (CDI),Thales,"Brest-L'Hermitage-Gouesnou, Brest","Chez Thales, nous sommes fiers de travailler ensemble pour imaginer des solutions innovantes qui contribuent à construire un avenir plus sûr, plus vert et plus inclusif. Un avenir de confiance. Mais ces technologies ne viennent pas de nulle part. L'intelligence humaine est le moteur derrière la technologie qui fait la renommée de Thales. Les projets que nous conduisons sont complexes et nos clients exigeants. Pour répondre aux besoins actuels et "
20,adzuna,https://www.adzuna.fr/details/5545199825?utm_medium=api&utm_source=63eec5d7,Administrateur SysOps (F/H) (CDI),Thales,"Le Bar-sur-Loup, Grasse","Chez Thales, nous sommes fiers de travailler ensemble pour imaginer des solutions innovantes qui contribuent à construire un avenir plus sûr, plus vert et plus inclusif. Un avenir de confiance. Mais ces technologies ne viennent pas de nulle part. L'intelligence humaine est le moteur derrière la technologie qui fait la renommée de Thales. Les projets que nous conduisons sont complexes et nos clients exigeants. Pour répondre aux besoins actuels et "
20,adzuna,https://www.adzuna.fr/land/ad/5546670047?se=DHYnqSDg8BGjSLpoVcT1CA&utm_medium=api&utm_source=63eec5d7&v=16BE03DF17451F293D35F6EE393EED24241D072E,Expert Landing Zone & IAM Google Cloud H/F (CDI),THALES,"Paris, Ile-de-France","Chez Thales, nous sommes fiers de travailler ensemble pour imaginer des solutions innovantes qui contribuent à construire un avenir plus sûr, plus vert et plus inclusif. Un avenir de confiance. Mais ces technologies ne viennent pas de nulle part. L'intelligence humaine est le moteur derrière la technologie qui fait la renommée de Thales. Les projets que nous conduisons sont complexes et nos clients exigeants. Pour répondre aux besoins actuels et "
20,adzuna,https://www.adzuna.fr/details/5548008640?utm_medium=api&utm_source=63eec5d7,Stage : STAGE - Ingénieur environnement et conformité prod H/F (Stage),Stage,"Loiret, Centre","Retour STAGE - Ingénieur environnement et conformité prod H/F (Stage) · Thales · Orléans, France · 17 déc., 2025 79,710 Description Chez Thales, nous sommes fiers de travailler ensemble pour imaginer des solutions innovantes qui contribuent à construire un avenir plus sûr, plus vert et plus inclusif. Un avenir de confiance. Mais ces technologies ne viennent pas de nulle part. L'intelligence humaine est le moteur derrière la technologie qui fait l"
20,adzuna,https://www.adzuna.fr/land/ad/5546669933?se=1mtSryDg8BGA6Y9wrffGwg&utm_medium=api&utm_source=63eec5d7&v=B4E209FCF4367576984F2633DEAA6EC4B8AB5AD5,Consultant Migration Cloud GCP H/F (CDI),THALES,France,"Chez Thales, nous sommes fiers de travailler ensemble pour imaginer des solutions innovantes qui contribuent à construire un avenir plus sûr, plus vert et plus inclusif. Un avenir de confiance. Mais ces technologies ne viennent pas de nulle part. L'intelligence humaine est le moteur derrière la technologie qui fait la renommée de Thales. Les projets que nous conduisons sont complexes et nos clients exigeants. Pour répondre aux besoins actuels et "
20,adzuna,https://www.adzuna.fr/details/5544954006?utm_medium=api&utm_source=63eec5d7,Développeur fullstack .NET/Angular H/F (CDI),Thales,"Isère, Auvergne-Rhône-Alpes","Chez Thales, nous sommes fiers de travailler ensemble pour imaginer des solutions innovantes qui contribuent à construire un avenir plus sûr, plus vert et plus inclusif. Un avenir de confiance. Mais ces technologies ne viennent pas de nulle part. L'intelligence humaine est le moteur derrière la technologie qui fait la renommée de Thales. Les projets que nous conduisons sont complexes et nos clients exigeants. Pour répondre aux besoins actuels et "
21,adzuna,https://www.adzuna.fr/land/ad/5534306678?se=trVObyHg8BGA6Y9wrffGwg&utm_medium=api&utm_source=63eec5d7&v=66902187E16CFCD0079A053BF682513D427ABD84,Lead IA Générative - Niji H/F,Niji,"Issy-les-Moulineaux, Boulogne-Billancourt","Le pôle Data de Niji c'est avant tout une équipe à taille humaine et pluridisciplinaire, composée de consultants et experts qui conseillent et appuient nos clients sur toutes les étapes du cycle des données : - de la collecte à la valorisation dans des services innovants, - en passant par les architectures de stockage et de services. Nos consultants sont basés en Ile-de-France et en régions (Nantes, Rennes, Lille, Lyon et Bordeaux). Nos directeur"
21,adzuna,https://www.adzuna.fr/details/5540497321?utm_medium=api&utm_source=63eec5d7,Développeur Sinequa LLM Confirmé & Certifié (secteur bancaire) (IT),OCSI,"Paris, Ile-de-France","En tant que Développeur Sinequa LLM, vous interviendrez sur : Le développement, la configuration et l?intégration de solutions Sinequa. L?optimisation et le déploiement de modèles LLM au sein de l?écosystème Sinequa. La mise en place et l?évolution des pipelines de données. La gestion et le tuning des connecteurs et des index. La contribution à l?amélioration continue des performances et de la pertinence des moteurs de recherche. La rédaction de "
21,adzuna,https://www.adzuna.fr/land/ad/5551622687?se=Uns_viDg8BGA6Y9wrffGwg&utm_medium=api&utm_source=63eec5d7&v=331160231996B426AAAA79A3A5F91D9B4B54F325,Travailleur·se Social·e Diplômé·e H/F,Groupe SOS,"Seine-Saint-Denis, Ile-de-France","Le centre d'hébergement « CHU Coeur 93 » accueille des familles et des femmes isolées dans différents sites de la Seine-Saint-Denis. Sous la responsabilité de l'équipe de direction (directeur, chef de service), dans le respect des valeurs de l'association et du projet de service : Vous intégrez un projet innovant alliant le collectif et l'accompagnement individualisé et vous aurez les missions suivantes : - Proposer aux personnes accompagnées, da"
21,adzuna,https://www.adzuna.fr/details/5552644955?utm_medium=api&utm_source=63eec5d7,Stage : Stage Prompt Engineer Cybersécurité F/H,Orange,France,"Publication date: Dec 19, 2025, 10:23AM Dans le cadre de l’amélioration continue de notre support client, nous lançons un projet ambitieux : la création d’un bot conversationnel intelligent capable d’agréger et de restituer la connaissance documentaire et métier de nos experts firewall. Ce bot viendra en appui à notre équipe support pour accélérer et fiabiliser la résolution des tickets clients. En tant que Prompt Engineer, vous serez chargé(e) d"
21,adzuna,https://www.adzuna.fr/details/5502437985?utm_medium=api&utm_source=63eec5d7,Stage : Stagiaire - Supply Chain (H/F),Intermarché,"Vitré, Rennes","Nous recherchons pour notre site basé à Vitré (35) : Un Stagiaire - Développement et Analyse de la Performance Supply Chain Stage de 6 mois Au sein de la Direction Industrie d’Agromouquetaires, et rattaché(e) à notre Responsable Supplay Chain, vous participerez au Développement de nos tableaux de bord et outils d’analyse de la Performance Supply Chain. Voici les missions principales: - développement et standardisation d’outils d’analyse et de com"
21,adzuna,https://www.adzuna.fr/land/ad/5321381788?se=tgOiACHg8BGjSLpoVcT1CA&utm_medium=api&utm_source=63eec5d7&v=E5565FC5596D6224AAFE8978C63F3399AC22A677,Technical Leader Data Scientist H/F,Safran,"Magny-les-Hameaux, Maurepas","La data science est au coeur de la transformation industrielle chez Safran et se met au service de nos métiers de la production (manufacturing 4.0) ou de la surveillance de nos systèmes en vol (Service 4.0). En intégrant Safran Engineering Services vous aurez l'opportunité de pouvoir répondre aux problématiques industrielles actuelles en utilisant les données métier issues des machines de production, des capteurs embarqués, des opérations de main"
22,adzuna,https://www.adzuna.fr/details/5539726514?utm_medium=api&utm_source=63eec5d7,Bid Manager – Infrastructure & Cloud – Business Transformation – Île-de-France,Sopra Steria,"Courbevoie, Nanterre","Description de l'entreprise Sopra Steria, acteur majeur de la Tech en Europe avec 56 000 collaborateurs dans près de 30 pays, est reconnu pour ses activités de conseil, de services numériques et d’édition de logiciels. Il aide ses clients à mener leur transformation digitale et à obtenir des bénéfices concrets et durables. Le Groupe apporte une réponse globale aux enjeux de compétitivité des grandes entreprises et organisations, combinant une con"
22,adzuna,https://www.adzuna.fr/details/5489458834?utm_medium=api&utm_source=63eec5d7,Stage Ingénieur(e) Business Intelligence & IA - DSI - Annecy,Forums Talents Handicap,"Haute-Savoie, Auvergne-Rhône-Alpes","Description de l'entreprise Sopra Steria , acteur majeur de la Tech en Europe, avec 50000 collaborateurs dans près de 30 pays, est reconnu pour ses activités de conseil, de services et solutions numériques. Il aide ses clients à mener leur transformation digitale et à obtenir des bénéfices concrets et durables. Le Groupe apporte une réponse globale aux enjeux de compétitivité des grandes entreprises et organisations, en combinant une connaissance"
22,adzuna,https://www.adzuna.fr/details/5489459085?utm_medium=api&utm_source=63eec5d7,DATA Engineer senior - DCoE France,Forums Talents Handicap,"Hauts-de-Seine, Ile-de-France","Description de l'entreprise Sopra Steria , acteur majeur de la Tech en Europe avec 56 000 collaborateurs dans près de 30 pays, est reconnu pour ses activités de conseil, de services numériques et d’édition de logiciels. Il aide ses clients à mener leur transformation digitale et à obtenir des bénéfices concrets et durables. Le Groupe apporte une réponse globale aux enjeux de compétitivité des grandes entreprises et organisations, combinant une co"
22,adzuna,https://www.adzuna.fr/details/5549136207?utm_medium=api&utm_source=63eec5d7,Stage de fin d'études - Consultant·e en Transformation Digitale - CTO/CIO Advisory - Cloud Transformation : Comment s'appuyer sur le cloud pour bâtir l'IT de demain ?,Forums Talents Handicap,"Hauts-de-Seine, Ile-de-France","Description de l'entreprise Rejoignez un cabinet de conseil international qui accompagne les grandes transformations stratégiques. Nous sommes Wavestone : des expert·es passionné·es et orienté·es solutions, qui placent l’humain au cœur de la performance et de la croissance. Ambitieux·ses et en pleine expansion, nous développons sans cesse notre portefeuille de clients et de projets, avec une portée internationale et une réelle volonté de générer "
22,adzuna,https://www.adzuna.fr/details/5489459429?utm_medium=api&utm_source=63eec5d7,Data Engineer PySpark - Data Factory - Services Financiers - Ile de France,Forums Talents Handicap,"Paris, Ile-de-France","Description de l'entreprise Description de l'entreprise Sopra Steria , acteur majeur de la Tech en Europe, avec 51000 collaborateurs dans près de 30 pays, est reconnu pour ses activités de conseil, de services et solutions numériques. Il aide ses clients à mener leur transformation digitale et à obtenir des bénéfices concrets et durables. Le Groupe apporte une réponse globale aux enjeux de compétitivité des grandes entreprises et organisations, e"
22,france_travail,https://candidat.francetravail.fr/offres/recherche/detail/5062568,Développeur(se) C# .NET senior Services Financiers Lille (H/F),,59 - Lezennes,"Description de l'entrepriseSopra Steria, acteur majeur de la Tech en Europe avec 56 000 collaborateurs dans près de 30 pays, est reconnu pour ses activités de conseil, de services numériques et d’édition de logiciels. Il aide ses clients à mener leur transformation digitale et à obtenir des bénéfices concrets et durables. Le Groupe apporte une réponse globale aux enjeux de compétitivité des grandes entreprises et organisations, combinant une conn"
23,adzuna,https://www.adzuna.fr/land/ad/5508736636?se=1keoqiDg8BGA6Y9wrffGwg&utm_medium=api&utm_source=63eec5d7&v=76F290DC9A1CF43D7C2D25DE5B4D5BB5390149A4,Courtier Mandataire en Prêts Immobiliers Nord 59 H/F,CAFPI,"La-Madeleine, Lille","Vous vous interrogez sur la suite de votre carrière ? Vous souhaitez entreprendre mais pas seul(e) ? Arrêtez-vous ici, cette offre est faite pour vous ! Pour notre agence de Lille. Courtier en prêts immobiliers H/F (statut indépendant) Le courtier en prêts immobiliers est un véritable chef d'entreprise, autonome et ambitieux, capable de développer son business tout en bénéficiant du soutien de l'enseigne. Sa mission est de permettre à nos clients"
23,adzuna,https://www.adzuna.fr/land/ad/5508736539?se=1keoqiDg8BGA6Y9wrffGwg&utm_medium=api&utm_source=63eec5d7&v=6D14175532D7CAB680374964E3A937CDAC427AB7,Courtier Mandataire en Prêts Immobiliers Saint-Herblain 44 H/F,CAFPI,"Saint-Herblain, Nantes","Vous vous interrogez sur la suite de votre carrière ? Vous souhaitez entreprendre mais pas seul(e) ? Arrêtez-vous ici, cette offre est faite pour vous ! Pour notre agence de Saint-Herblain Courtier en prêts immobiliers H/F (statut indépendant) Le courtier en prêts immobiliers est un véritable chef d'entreprise, autonome et ambitieux, capable de développer son business tout en bénéficiant du soutien de l'enseigne. Sa mission est de permettre à nos"
23,adzuna,https://www.adzuna.fr/land/ad/5508736483?se=vnkFrCDg8BGjSLpoVcT1CA&utm_medium=api&utm_source=63eec5d7&v=B811E008687B2DF26CFAD837545AF24D4B7D3C81,Courtier Mandataire en Prêts Immobiliers dans les Andrézieux-Bouthéon 42 H/F,CAFPI,"Saint-Just-Saint-Rambert, Montbrison","Vous vous interrogez sur la suite de votre carrière ? Vous souhaitez entreprendre mais pas seul(e) ? Arrêtez-vous ici, cette offre est faite pour vous ! Pour notre agence de Andrézieux-Bouthéon (42) Courtier en prêts immobiliers H/F (statut indépendant) Le courtier en prêts immobiliers est un véritable chef d'entreprise, autonome et ambitieux, capable de développer son business tout en bénéficiant du soutien de l'enseigne. Sa mission est de perme"
23,adzuna,https://www.adzuna.fr/land/ad/5508736612?se=vnkFrCDg8BGjSLpoVcT1CA&utm_medium=api&utm_source=63eec5d7&v=1C856F3055FD313F3EEE42091CDF56E15787198A,Courtier Mandataire en Prêts Immobiliers à Paris 75 Sud H/F,CAFPI,"Paris, Ile-de-France","Vous vous interrogez sur la suite de votre carrière ? Vous souhaitez entreprendre mais pas seul(e) ? Arrêtez-vous ici, cette offre est faite pour vous ! Pour Pour nos agences de Paris SUD Courtier en prêts immobiliers H/F (statut indépendant) Le courtier en prêts immobiliers est un véritable chef d'entreprise, autonome et ambitieux, capable de développer son business tout en bénéficiant du soutien de l'enseigne. Sa mission est de permettre à nos "
23,adzuna,https://www.adzuna.fr/land/ad/5508736509?se=vnkFrCDg8BGjSLpoVcT1CA&utm_medium=api&utm_source=63eec5d7&v=8AC301052FF2F58D8773FF99A1CD6651234DBB6C,Courtier Mandataire en Prêts Immobiliers Vincennes 94 H/F,CAFPI,"Vincennes, Nogent-sur-Marne","Vous vous interrogez sur la suite de votre carrière ? Vous souhaitez entreprendre mais pas seul(e) ? Arrêtez-vous ici, cette offre est faite pour vous ! Pour notre agence de Vincennes (94) Courtier en prêts immobiliers H/F (statut indépendant) Le courtier en prêts immobiliers est un véritable chef d'entreprise, autonome et ambitieux, capable de développer son business tout en bénéficiant du soutien de l'enseigne. Sa mission est de permettre à nos"
23,adzuna,https://www.adzuna.fr/land/ad/5508736657?se=vnkFrCDg8BGjSLpoVcT1CA&utm_medium=api&utm_source=63eec5d7&v=12E5E08CB891F8AF19463DD453C497D47F4E29E9,Courtier Mandataire en Prêts Immobiliers en Corrèze 19 H/F,CAFPI,"Brive-la-Gaillarde-Sud-Ouest, Brive-la-Gaillarde","Vous vous interrogez sur la suite de votre carrière ? Vous souhaitez entreprendre mais pas seul(e) ? Arrêtez-vous ici, cette offre est faite pour vous ! Pour notre agence de Brive Courtier en prêts immobiliers H/F (statut indépendant) Le courtier en prêts immobiliers est un véritable chef d'entreprise, autonome et ambitieux, capable de développer son business tout en bénéficiant du soutien de l'enseigne. Sa mission est de permettre à nos clients "
24,adzuna,https://www.adzuna.fr/land/ad/5372957254?se=nqSr-x_g8BGYoOuiY5-tmQ&utm_medium=api&utm_source=63eec5d7&v=EE387C1177CA2097F7A8E56F284830C861790835,Data Engineer H/F,fortil group,"Paris, Ile-de-France","DESCRIPTION DE POSTE Dans le cadre du développement de nos activités en Ile-de-France, nous recherchons un.e Data Engineer (H/F). Vos missions principales seront les suivantes : - Vous concevez et développez des pipelines de données fiables pour collecter, transformer et mettre à disposition les données. - Vous implémentez des architectures de données sur le Cloud (AWS, Azure, GCP). - Vous optimisez et industrialisez les traitements de données (b"
24,adzuna,https://www.adzuna.fr/details/5148235187?utm_medium=api&utm_source=63eec5d7,Data Engineer (H/F) | Stage,DataScientest,"Puteaux, Nanterre","Au sein de l’équipe data-science, votre rôle s’articule autour des axes suivants : Développemen t : Contribution active au développement d’un produit de formation. C’est l’occasion rêvée pour se familiariser avec les technologies émergentes en les mettant directement en pratique. Application : Mentorat et accompagnement d’apprenants sur des formations et projets. Pédagogie : Participation à l’animation de Masterclass et d’évènements Data. Autofor"
24,adzuna,https://www.adzuna.fr/details/5403279092?utm_medium=api&utm_source=63eec5d7,Testeur QA Sénior,Eleveight Group,"Paris, Ile-de-France",Le poste Poste basé à : Paris Saint Denis Mode d'intervention : Hybride Type de contrat : Freelance Démarrage : ASAP Niveau d'étude demandé : Bac5 Descriptif du poste Êtes-vous à la recherche d'un nouveau challenge ? Nous vous invitons à rejoindre Eleveight ! Nous recherchons pour le compte de notre partenaire un Testeur QA Sénior dans le cadre du programme Data Quality & Data Governance . qui aura comme mission ce qui suit : Garantir la qualité 
24,adzuna,https://www.adzuna.fr/details/5515505315?utm_medium=api&utm_source=63eec5d7,Développeur / Lead Developer Power BI & Dataverse F/H,DRAKS,"Nantes, Loire-Atlantique","Contexte Dans le cadre du développement de plusieurs applications et solutions data-driven au sein d’une équipe agile, nous recherchons un Développeur / Lead Developer Power Platform expérimenté, maîtrisant Power BI et Dataverse . Vous interviendrez au sein d’un département en charge de la conception et du développement d’applications métiers, dans un environnement technique structuré, collaboratif et orienté innovation. Votre rôle sera double : "
24,adzuna,https://www.adzuna.fr/details/5548507184?utm_medium=api&utm_source=63eec5d7,Data Architect Databricks F/H,Devoteam Data Driven France,"Lyon, Rhône","Description du poste En tant que Data Architect spécialisé sur Databricks au sein de notre entité Data Driven, vos missions principales consistent à : Concevoir et modéliser des architectures de plateforme Data robustes et évolutives, en utilisant l'écosystème Databricks (Delta Lake, MLflow, Unity Catalog). Garantir la performance, la sécurité et la gouvernance des données, en définissant les standards et les meilleures pratiques d'ingestion, de "
24,adzuna,https://www.adzuna.fr/details/5528343768?utm_medium=api&utm_source=63eec5d7,Architecte Azure Data (H/F),Exakis Nelite,"Lyon, Rhône","Description du poste En tant qu’Architecte Data & Business Intelligence , vous serez amené·e à travailler sur des projets mettant à l’épreuve votre expérience des systèmes de données ainsi que votre ouverture aux technologies de BI modernes et cloud. Votre expertise auprès de nos client·e·s prendra tout son sens grâce aux compétences et au conseil que vous pourrez leur apporter autour des solutions Microsoft (Azure, Fabric, Power BI, SQL Server, "
